date,city,pm25
2017-02-17,Paris,26.8110834757487
2017-02-18,Paris,36.13611094156901
2017-02-19,Paris,15.09005037943522
2017-02-20,Paris,7.587777773539226
2017-02-21,Paris,6.37666670481364
2017-02-22,Paris,7.530145009358724
2017-02-23,Paris,9.337361176808676
2017-02-24,Paris,20.274999618530273
2017-02-25,Paris,12.868472417195639
2017-02-26,Paris,5.762500047683716
2017-02-27,Paris,6.617638826370239
2017-02-28,Paris,6.61424986521403
2017-03-01,Paris,10.12666654586792
2017-03-02,Paris,13.484758694966635
2017-03-03,Paris,10.817639191945394
2017-03-04,Paris,7.346666653951009
2017-03-05,Paris,9.98752530415853
2017-03-06,Paris,10.715336163838705
2017-03-07,Paris,10.853889147440592
2017-03-08,Paris,8.420138994852701
2017-03-09,Paris,17.384761810302734
2017-03-11,Paris,26.834301630655926
2017-03-12,Paris,31.41902732849121
2017-03-13,Paris,18.468611081441242
2017-03-14,Paris,17.725971857706707
2017-03-15,Paris,29.73805554707845
2017-03-16,Paris,22.10819435119629
2017-03-17,Paris,8.160555521647135
2017-03-18,Paris,10.491249879201254
2017-03-19,Paris,8.231818040211996
2017-03-20,Paris,7.74916672706604
2017-03-21,Paris,10.70229172706604
2017-03-22,Paris,11.588958501815796
2017-03-23,Paris,18.389999866485596
2017-03-26,Paris,26.987174034118652
2017-03-27,Paris,29.539374351501465
2017-03-28,Paris,14.686481475830078
2017-03-29,Paris,14.725694338480631
2017-03-30,Paris,14.245416641235352
2017-03-31,Paris,10.201666673024496
2017-04-01,Paris,11.281944433848063
2017-04-02,Paris,19.378611246744793
2017-04-03,Paris,20.58513863881429
2017-04-04,Paris,20.53208287556966
2017-04-05,Paris,13.244166374206543
2017-04-06,Paris,23.360555013020832
2017-04-07,Paris,35.67250061035156
2017-04-08,Paris,30.598889032999676
2017-04-09,Paris,22.217361450195312
2017-04-10,Paris,13.020417054494223
2017-04-11,Paris,13.27166716257731
2017-04-12,Paris,14.496389071146647
2017-04-13,Paris,14.986527760823568
2017-04-14,Paris,12.726388931274414
2017-04-15,Paris,10.60861078898112
2017-04-16,Paris,9.460000038146973
2017-04-17,Paris,9.346666812896729
2017-04-18,Paris,16.175757726033527
2017-04-19,Paris,19.5625
2017-04-20,Paris,24.522499720255535
2017-04-21,Paris,16.999722162882488
2017-04-22,Paris,14.946667035420736
2017-04-23,Paris,14.608939170837402
2017-04-24,Paris,9.204027811686197
2017-04-25,Paris,9.480277856191
2017-04-26,Paris,9.768750031789144
2017-04-27,Paris,14.657500267028809
2017-04-28,Paris,20.616818110148113
2017-05-01,Paris,11.802698294321695
2017-05-02,Paris,18.831222534179688
2017-05-03,Paris,22.884166717529297
2017-05-09,Paris,16.043333371480305
2017-05-10,Paris,12.972222328186035
2017-05-11,Paris,15.126667022705078
2017-05-13,Paris,10.17157506942749
2017-05-14,Paris,10.810972213745117
2017-05-15,Paris,12.445972283681234
2017-05-16,Paris,14.251944541931152
2017-05-17,Paris,8.328222354253134
2017-05-23,Paris,9.870908896128336
2017-05-24,Paris,10.58888864517212
2017-05-25,Paris,10.66819461186727
2017-05-26,Paris,13.621944427490234
2017-05-27,Paris,20.156943957010906
2017-05-28,Paris,15.851388931274414
2017-05-29,Paris,8.961249987284342
2017-05-30,Paris,8.199027856191
2017-05-31,Paris,12.581250190734863
2017-06-01,Paris,15.597360928853353
2017-06-02,Paris,10.240000247955322
2017-06-03,Paris,8.534861246744791
2017-06-04,Paris,11.160138924916586
2017-06-05,Paris,7.936944564183553
2017-06-06,Paris,10.105000178019205
2017-06-07,Paris,11.646527449289957
2017-06-08,Paris,8.849444389343262
2017-06-09,Paris,13.094860712687174
2017-06-10,Paris,15.453055063883463
2017-06-11,Paris,9.72902806599935
2017-06-12,Paris,10.363749980926514
2017-06-13,Paris,12.967638969421387
2017-06-14,Paris,15.511111577351889
2017-06-15,Paris,10.85967206954956
2017-06-16,Paris,12.890138943990072
2017-06-17,Paris,12.851805686950684
2017-06-18,Paris,13.003472169240316
2017-06-19,Paris,17.937222162882488
2017-06-20,Paris,21.025833129882812
2017-06-21,Paris,27.615000406901043
2017-06-22,Paris,9.171818256378174
2017-06-23,Paris,8.963333050409952
2017-06-24,Paris,8.82550279299418
2017-06-25,Paris,8.326008399327597
2017-06-26,Paris,9.583684285481771
2017-06-27,Paris,7.923750003178914
2017-06-28,Paris,8.17555538813273
2017-06-29,Paris,9.582083384195963
2017-06-30,Paris,11.201444466908773
2017-07-01,Paris,9.841060320536295
2017-07-02,Paris,10.829861164093018
2017-07-03,Paris,10.66444444656372
2017-07-04,Paris,13.446667035420736
2017-07-05,Paris,15.632222175598145
2017-07-06,Paris,11.850732485453287
2017-07-07,Paris,7.9902777671813965
2017-07-08,Paris,13.492456118265787
2017-07-09,Paris,12.150000095367432
2017-07-10,Paris,12.732777754465738
2017-07-11,Paris,8.463333368301392
2017-07-12,Paris,12.034074147542318
2017-07-14,Paris,10.258055528004965
2017-07-15,Paris,10.085796991984049
2017-07-16,Paris,5.8546295166015625
2017-07-17,Paris,12.665714104970297
2017-09-21,Paris,17.332667032877605
2017-09-22,Paris,14.182573636372885
2017-09-23,Paris,25.40166664123535
2017-09-25,Paris,20.081666310628254
2017-09-27,Paris,17.89833354949951
2017-09-29,Paris,7.438095251719157
2017-09-30,Paris,14.870000203450521
2017-10-03,Paris,13.924999872843424
2017-10-06,Paris,15.710000038146973
2017-10-07,Paris,8.163333257039389
2017-10-08,Paris,11.641666889190674
2017-10-09,Paris,6.480000019073486
2017-10-11,Paris,7.398333390553792
2017-10-12,Paris,13.901999791463217
2017-10-13,Paris,21.2480951944987
2017-10-16,Paris,19.007142384847004
2017-10-17,Paris,23.282857259114582
2017-10-18,Paris,16.486666361490887
2017-10-19,Paris,5.081666707992554
2017-10-22,Paris,5.231666723887126
2017-10-23,Paris,4.916666666666667
2017-10-26,Paris,24.40999984741211
2017-10-31,Paris,21.633782068888348
2017-11-01,Paris,35.71500015258789
2017-11-02,Paris,23.299999872843426
2017-11-03,Paris,14.636666615804037
2017-11-04,Paris,8.516666571299234
2017-11-08,Paris,7.8833333651224775
2017-11-09,Paris,10.74833313624064
2017-11-10,Paris,8.740000089009603
2017-11-11,Paris,8.476666609446207
2017-11-12,Paris,10.916666348775228
2017-11-13,Paris,16.72208309173584
2017-11-14,Paris,22.763333638509113
2017-11-15,Paris,27.18500010172526
2017-11-16,Paris,41.61000061035156
2017-11-17,Paris,23.75755564371745
2017-11-18,Paris,13.78666623433431
2017-11-19,Paris,19.84019597371419
2017-11-20,Paris,14.830184936523438
2017-11-21,Paris,18.036041895548504
2017-11-22,Paris,10.884910901387533
2017-11-23,Paris,10.43761936823527
2017-11-24,Paris,9.236852010091146
2017-11-25,Paris,11.116000413894653
2017-11-26,Paris,8.78933334350586
2017-11-27,Paris,12.406176090240479
2017-11-28,Paris,16.492666721343994
2017-11-29,Paris,12.187249660491943
2017-11-30,Paris,20.10181935628255
2017-12-01,Paris,33.10904884338379
2017-12-02,Paris,27.66705894470215
2017-12-03,Paris,40.67635981241862
2017-12-04,Paris,31.028541564941406
2017-12-05,Paris,25.863333384195965
2017-12-06,Paris,12.627333482106527
2017-12-07,Paris,9.028518676757812
2017-12-10,Paris,6.6766665776570635
2017-12-11,Paris,12.61560583114624
2017-12-12,Paris,8.400185267130533
2017-12-13,Paris,8.19427744547526
2017-12-14,Paris,7.543969631195068
2017-12-15,Paris,7.550166527430217
2017-12-16,Paris,16.812272707621258
2017-12-17,Paris,9.139999866485596
2017-12-19,Paris,20.28999964396159
2017-12-20,Paris,12.755370140075684
2017-12-21,Paris,11.116721947987875
2017-12-22,Paris,13.480626106262207
2017-12-23,Paris,8.59358278910319
2017-12-24,Paris,5.216909090677897
2017-12-25,Paris,7.126851558685303
2017-12-26,Paris,4.64242422580719
2017-12-27,Paris,10.510302861531576
2017-12-28,Paris,15.847476323445639
2017-12-29,Paris,7.985611120859782
2017-12-30,Paris,5.824181159337361
2018-01-04,Paris,9.706811587015787
2018-01-05,Paris,15.157114664713541
2018-01-06,Paris,16.700555483500164
2018-01-07,Paris,15.56942049662272
2018-01-08,Paris,23.1875
2018-01-09,Paris,12.452777862548828
2018-01-10,Paris,17.24888865152995
2018-01-11,Paris,25.156666437784832
2018-01-12,Paris,27.374861399332683
2018-01-13,Paris,30.783661524454754
2018-01-14,Paris,8.981060663859049
2018-01-15,Paris,6.0139393011728925
2018-01-16,Paris,7.750555356343587
2018-01-17,Paris,5.516666730244954
2018-01-18,Paris,5.948339223861694
2018-01-19,Paris,7.730303049087524
2018-01-20,Paris,11.388939380645752
2018-01-21,Paris,5.221296389897664
2018-01-22,Paris,9.37071434656779
2018-01-23,Paris,5.994999885559082
2018-01-24,Paris,6.9596296946207685
2018-01-25,Paris,12.253937721252441
2018-01-26,Paris,20.201805114746094
2018-01-27,Paris,11.602407614390055
2018-01-28,Paris,6.792639970779419
2018-01-29,Paris,9.90499989191691
2018-01-30,Paris,5.3554747104644775
2018-01-31,Paris,7.908585866292317
2018-02-01,Paris,9.558030128479004
2018-02-02,Paris,13.79515012105306
2018-02-04,Paris,23.28428586324056
2018-02-05,Paris,24.814638137817383
2018-02-06,Paris,31.868571599324543
2018-02-07,Paris,39.90508778889974
2018-02-08,Paris,36.4216111501058
2018-02-09,Paris,13.534851868947348
2018-02-10,Paris,7.1006247997283936
2018-02-11,Paris,8.231960614522299
2018-02-12,Paris,10.941666603088379
2018-02-24,Paris,16.89555549621582
2018-02-25,Paris,13.751999855041504
2018-02-26,Paris,20.669898986816406
2018-02-27,Paris,28.68333371480306
2018-02-28,Paris,28.39466667175293
2018-03-01,Paris,27.034722010294598
2018-03-02,Paris,16.505793889363606
2018-03-03,Paris,13.760191917419434
2018-03-04,Paris,14.374861081441244
2018-03-05,Paris,10.944166819254557
2018-03-06,Paris,8.917370478312174
2018-03-07,Paris,9.869394143422445
2018-03-08,Paris,18.758830706278484
2018-03-09,Paris,14.99316676457723
2018-03-10,Paris,8.567254940668741
2018-03-11,Paris,6.8420835336049395
2018-03-12,Paris,8.783247629801432
2018-03-13,Paris,11.095952351888021
2018-03-14,Paris,10.725166956583658
2018-03-15,Paris,11.069631735483805
2018-03-16,Paris,22.71564292907715
2018-03-17,Paris,25.533101399739582
2018-03-18,Paris,28.116666793823242
2018-03-19,Paris,15.51049550374349
2018-03-20,Paris,7.212666670481364
2018-03-21,Paris,11.880317687988281
2018-03-22,Paris,14.127252578735352
2018-03-23,Paris,20.179445266723633
2018-03-24,Paris,32.03166707356771
2018-03-25,Paris,20.012461980183918
2018-03-26,Paris,19.406922658284504
2018-03-27,Paris,6.657523552576701
2018-03-28,Paris,8.010476430257162
2018-03-29,Paris,9.290833314259848
2018-03-30,Paris,9.637175877888998
2018-03-31,Paris,13.58307679494222
2018-04-01,Paris,11.575151761372885
2018-04-02,Paris,10.084272861480713
2018-04-03,Paris,7.043485085169475
2018-04-04,Paris,7.842361291249593
2018-04-05,Paris,14.53443717956543
2018-04-06,Paris,17.078901926676433
2018-04-07,Paris,17.587479909261067
2018-04-08,Paris,19.275928497314453
2018-04-09,Paris,12.802500089009603
2018-04-10,Paris,12.161897659301758
2018-04-11,Paris,25.118696212768555
2018-04-12,Paris,16.831981976826984
2018-04-13,Paris,17.944836298624676
2018-04-14,Paris,12.431578954060873
2018-04-15,Paris,12.31259282430013
2018-04-16,Paris,17.425845781962078
2018-04-17,Paris,22.77666664123535
2018-04-18,Paris,23.963333129882812
2018-04-19,Paris,21.896528244018555
2018-04-20,Paris,20.050303141276043
2018-04-21,Paris,19.877092361450195
2018-04-22,Paris,9.743859767913818
2018-04-23,Paris,10.632916768391928
2018-04-24,Paris,9.814722220102945
2018-04-25,Paris,7.401772658030192
2018-04-26,Paris,12.55740737915039
2018-04-27,Paris,9.744750022888184
2018-04-28,Paris,10.22094472249349
2018-04-29,Paris,7.007361094156901
2018-04-30,Paris,10.68708356221517
2018-05-01,Paris,12.779722213745117
2018-05-02,Paris,9.784920533498129
2018-05-03,Paris,16.13274637858073
2018-05-04,Paris,23.413387298583984
2018-05-05,Paris,19.311944325764973
2018-05-06,Paris,14.568435986836752
2018-05-07,Paris,15.553174336751303
2018-05-08,Paris,12.847265561421713
2018-05-09,Paris,8.35757573445638
2018-05-10,Paris,11.58700942993164
2018-05-11,Paris,13.532023429870605
2018-05-12,Paris,9.235451221466064
2018-05-13,Paris,12.341590881347656
2018-05-14,Paris,25.64481480916341
2018-05-15,Paris,23.11559232076009
2018-05-16,Paris,15.157936731974283
2018-05-17,Paris,13.171666463216146
2018-05-18,Paris,14.908095359802246
2018-05-19,Paris,23.54809506734212
2018-05-20,Paris,13.787009874979654
2018-05-21,Paris,19.603953043619793
2018-05-22,Paris,30.132051467895508
2018-05-23,Paris,19.02738030751546
2018-05-24,Paris,14.205094655354818
2018-05-25,Paris,13.306992848714193
2018-05-26,Paris,14.206623077392578
2018-05-27,Paris,13.002952416737875
2018-05-28,Paris,13.355428377787272
2018-05-29,Paris,12.855964024861654
2018-05-30,Paris,9.83016586303711
2018-05-31,Paris,8.156499862670898
2018-06-01,Paris,10.123409032821655
2018-06-02,Paris,9.474999904632568
2018-06-03,Paris,16.976389408111572
2018-06-04,Paris,26.088749885559082
2018-06-05,Paris,19.60286569595337
2018-06-06,Paris,11.9096466700236
2018-06-07,Paris,14.88687515258789
2018-06-08,Paris,28.570497512817383
2018-06-09,Paris,35.63916778564453
2018-06-10,Paris,24.896885871887207
2018-06-11,Paris,14.553958415985107
2018-06-12,Paris,10.09672737121582
2018-06-13,Paris,13.847641626993815
2018-06-14,Paris,10.013814608256022
2018-06-15,Paris,11.217856884002686
2018-06-16,Paris,13.407500267028809
2018-06-17,Paris,10.106499910354614
2018-06-18,Paris,11.125080108642578
2018-06-19,Paris,13.105251789093018
2018-06-20,Paris,10.688863277435303
2018-06-21,Paris,8.314090728759766
2018-06-22,Paris,11.951666831970215
2018-06-23,Paris,12.430208206176758
2018-06-24,Paris,9.36195707321167
2018-06-25,Paris,11.53774356842041
2018-06-26,Paris,15.556944847106934
2018-06-27,Paris,13.55693785349528
2018-06-28,Paris,14.098194122314453
2018-06-29,Paris,15.874243100484213
2018-06-30,Paris,15.848116556803385
2018-07-01,Paris,12.639028072357178
2018-07-02,Paris,10.180579662322998
2018-07-03,Paris,11.473611195882162
2018-07-04,Paris,12.525694529215494
2018-07-05,Paris,13.937459945678711
2018-07-08,Paris,11.711111068725586
2018-07-09,Paris,6.934305508931478
2018-07-10,Paris,11.24171225229899
2018-07-11,Paris,14.080694516499838
2018-07-12,Paris,13.545096397399902
2018-07-13,Paris,16.853541374206543
2018-07-14,Paris,15.762184460957846
2018-07-15,Paris,13.842222213745117
2018-07-17,Paris,8.781363487243652
2018-07-18,Paris,11.734494686126709
2018-07-19,Paris,11.052096366882324
2018-07-20,Paris,14.15999984741211
2018-07-21,Paris,16.012083371480305
2018-07-22,Paris,13.296407381693522
2018-07-23,Paris,14.695302963256836
2018-07-25,Paris,23.25457700093587
2018-07-26,Paris,27.937272389729817
2018-07-27,Paris,11.954696655273438
2018-07-28,Paris,9.617777665456137
2018-07-29,Paris,8.498055537541708
2018-07-30,Paris,8.550833066304525
2018-07-31,Paris,9.378333250681559
2018-08-01,Paris,10.776796499888102
2018-08-02,Paris,15.874654134114584
2018-08-03,Paris,9.867916901906332
2018-08-04,Paris,9.591388861338297
2018-08-05,Paris,11.375972270965576
2018-08-06,Paris,15.970609982808432
2018-08-07,Paris,9.4637500445048
2018-08-08,Paris,9.411805629730225
2018-08-09,Paris,9.257916927337646
2018-08-10,Paris,6.804117679595947
2018-08-12,Paris,6.779006878534953
2018-08-13,Paris,8.941690921783447
2018-08-14,Paris,9.600145022074381
2018-08-15,Paris,16.461666742960613
2018-08-16,Paris,7.763002236684163
2018-08-17,Paris,8.73626216252645
2018-08-18,Paris,14.381101926167807
2018-08-19,Paris,6.747944911321004
2018-08-20,Paris,10.068205038706461
2018-08-21,Paris,10.480592727661133
2018-08-22,Paris,14.439524014790853
2018-08-23,Paris,11.808939456939697
2018-08-24,Paris,7.0333333015441895
2018-08-25,Paris,10.547221978505453
2018-08-26,Paris,10.257864157358805
2018-08-27,Paris,16.71944459279378
2018-08-28,Paris,12.316190242767334
2018-08-29,Paris,13.450000127156576
2018-08-30,Paris,12.241077423095703
2018-09-01,Paris,12.027777671813965
2018-09-02,Paris,14.026388804117838
2018-09-03,Paris,13.480833053588867
2018-09-04,Paris,17.814583778381348
2018-09-05,Paris,10.442550341288248
2018-09-06,Paris,9.648730119069418
2018-09-07,Paris,15.353535652160645
2018-09-08,Paris,11.561363538106283
2018-09-09,Paris,9.09746011098226
2018-09-10,Paris,14.685185432434082
2018-09-11,Paris,13.577777862548828
2018-09-12,Paris,15.619444211324057
2018-09-13,Paris,9.681944211324057
2018-09-14,Paris,7.350000222524007
2018-09-15,Paris,15.318181991577148
2018-09-16,Paris,18.28882884979248
2018-09-17,Paris,14.881944338480631
2018-09-18,Paris,13.520833333333334
2018-09-19,Paris,13.42361068725586
2018-09-20,Paris,9.89059829711914
2018-09-21,Paris,10.111111005147299
2018-09-22,Paris,5.381944497426351
2018-09-23,Paris,7.588888963063558
2018-09-24,Paris,9.465277671813965
2018-09-25,Paris,13.739646275838217
2018-09-26,Paris,21.523611068725586
2018-09-27,Paris,20.723610877990723
2018-09-28,Paris,10.680000146230062
2018-09-29,Paris,11.811111291249594
2018-09-30,Paris,7.457575798034668
2018-10-01,Paris,11.077020009358725
2018-10-02,Paris,9.029166539510092
2018-10-03,Paris,14.665227572123209
2018-10-04,Paris,21.85531012217204
2018-10-05,Paris,19.208333015441895
2018-10-06,Paris,15.954166412353516
2018-10-07,Paris,14.179221153259277
2018-10-08,Paris,18.872893969217937
2018-10-09,Paris,19.221904754638672
2018-10-10,Paris,9.083645900090536
2018-10-11,Paris,14.590740839640299
2018-10-12,Paris,14.872222582499186
2018-10-13,Paris,14.168254216512045
2018-10-15,Paris,20.980303446451824
2018-10-16,Paris,14.240277926127115
2018-10-17,Paris,18.018182118733723
2018-10-18,Paris,21.779364903767902
2018-10-19,Paris,24.16249942779541
2018-10-20,Paris,32.2415402730306
2018-10-21,Paris,17.875000317891438
2018-10-22,Paris,13.276389122009277
2018-10-23,Paris,11.901389122009277
2018-10-24,Paris,17.99305534362793
2018-10-25,Paris,14.284722328186035
2018-10-26,Paris,10.026388963063559
2018-10-27,Paris,17.15694459279378
2018-10-28,Paris,14.655555407206217
2018-10-29,Paris,12.975000063578287
2018-10-30,Paris,16.46111075083415
2018-10-31,Paris,11.293996016184488
2018-11-01,Paris,15.501262664794922
2018-11-02,Paris,24.521428108215332
2018-11-03,Paris,30.144757588704426
2018-11-04,Paris,20.484722137451172
2018-11-05,Paris,9.959722201029459
2018-11-06,Paris,8.563888867696127
2018-11-07,Paris,11.51901117960612
2018-11-08,Paris,14.152083396911621
2018-11-09,Paris,7.292023658752441
2018-11-10,Paris,8.409239133199057
2018-11-11,Paris,11.640277862548828
2018-11-12,Paris,12.840277671813965
2018-11-13,Paris,19.100000381469727
2018-11-14,Paris,16.111594518025715
2018-11-15,Paris,13.357671737670898
2018-11-16,Paris,24.28074073791504
2018-11-17,Paris,17.766846974690754
2018-11-18,Paris,13.796428362528482
2018-11-19,Paris,19.362132390340168
2018-11-20,Paris,36.63627497355143
2018-11-21,Paris,29.204165776570637
2018-11-22,Paris,30.9472230275472
2018-11-23,Paris,15.836788177490234
2018-11-24,Paris,16.032285690307617
2018-11-25,Paris,23.058333079020183
2018-11-26,Paris,25.066212336222332
2018-11-27,Paris,11.97485383351644
2018-11-28,Paris,11.23864459991455
2018-11-29,Paris,9.866666793823242
2018-11-30,Paris,7.224999825159709
2018-12-01,Paris,5.543055534362793
2018-12-02,Paris,6.191562175750732
2018-12-03,Paris,9.900925954182943
2018-12-04,Paris,16.77347215016683
2018-12-05,Paris,10.001851717631022
2018-12-06,Paris,5.699999968210856
2018-12-07,Paris,8.26111094156901
2018-12-08,Paris,9.150000095367432
2018-12-09,Paris,7.497222423553467
2018-12-11,Paris,18.61946741739909
2018-12-12,Paris,18.468889236450195
2018-12-15,Paris,14.57432746887207
2018-12-16,Paris,13.923809687296549
2018-12-17,Paris,13.339850425720215
2018-12-18,Paris,8.009722232818604
2018-12-19,Paris,7.213425795237224
2018-12-20,Paris,5.586111148198445
2018-12-21,Paris,8.953703880310059
2018-12-22,Paris,11.250000238418579
2018-12-23,Paris,12.418055534362793
2018-12-24,Paris,23.891908009847004
2018-12-25,Paris,30.298611323038738
2018-12-26,Paris,37.50277837117513
2018-12-27,Paris,27.610000610351562
2018-12-28,Paris,35.91527811686198
2018-12-29,Paris,24.45138931274414
2018-12-30,Paris,9.93333355585734
2019-01-01,Paris,8.954999923706055
2019-01-02,Paris,11.773611068725586
2019-01-03,Paris,17.509903271993
2019-01-04,Paris,16.373783747355144
2019-01-05,Paris,23.401389439900715
2019-01-06,Paris,18.729166666666668
2019-01-07,Paris,9.314492543538412
2019-01-08,Paris,8.633333206176758
2019-01-09,Paris,11.128571351369223
2019-01-10,Paris,16.60694408416748
2019-01-11,Paris,14.448148409525553
2019-01-12,Paris,6.533333381017049
2019-01-13,Paris,9.46186113357544
2019-01-14,Paris,12.656944274902344
2019-01-15,Paris,6.833333492279053
2019-01-16,Paris,15.399999618530273
2019-01-17,Paris,26.0014705657959
2019-01-18,Paris,21.994197209676106
2019-01-19,Paris,23.674753189086914
2019-01-20,Paris,43.93919118245443
2019-01-21,Paris,33.28800519307455
2019-01-22,Paris,15.338526725769043
2019-01-23,Paris,40.26039505004883
2019-01-24,Paris,32.75718879699707
2019-01-25,Paris,9.2405846118927
2019-01-26,Paris,7.390489101409912
2019-01-27,Paris,10.170995712280273
2019-01-28,Paris,13.194281419118246
2019-01-29,Paris,9.081457455952963
2019-01-30,Paris,13.099350611368815
2019-01-31,Paris,14.178265253702799
2019-02-01,Paris,12.582913080851236
2019-02-02,Paris,14.17735481262207
2019-02-03,Paris,19.63523228963216
2019-02-04,Paris,14.587830861409506
2019-02-10,Paris,10.963507652282715
2019-02-11,Paris,21.59999990463257
2019-02-12,Paris,29.960606892903645
2019-02-13,Paris,29.044444402058918
2019-02-14,Paris,30.751501719156902
2019-02-15,Paris,65.30000305175781
2019-02-16,Paris,29.306535720825195
2019-02-17,Paris,26.222222646077473
2019-02-18,Paris,14.540277481079102
2019-02-19,Paris,21.633333524068195
2019-02-20,Paris,45.57058842976888
2019-02-21,Paris,48.894142150878906
2019-02-22,Paris,22.55180549621582
2019-02-23,Paris,18.729589462280273
2019-02-24,Paris,20.71020571390788
2019-02-25,Paris,26.004166920979817
2019-02-26,Paris,43.512499491373696
2019-02-27,Paris,25.866665522257488
2019-02-28,Paris,12.161111195882162
2019-03-01,Paris,10.415277798970541
2019-03-02,Paris,7.909722010294597
2019-03-03,Paris,6.204166730244954
2019-03-04,Paris,8.57361125946045
2019-03-05,Paris,11.683333079020182
2019-03-06,Paris,6.633333206176758
2019-03-07,Paris,8.888888835906982
2019-03-08,Paris,8.84583330154419
2019-03-09,Paris,7.108333587646484
2019-03-10,Paris,7.768055438995361
2019-03-11,Paris,8.879166603088379
2019-03-12,Paris,7.48017692565918
2019-03-13,Paris,9.400000095367432
2019-03-14,Paris,5.926086982091268
2019-03-15,Paris,7.336111068725586
2019-03-16,Paris,6.5368421872456866
2019-03-17,Paris,8.033928712209066
2019-03-18,Paris,18.072222391764324
2019-03-19,Paris,27.008333206176758
2019-03-20,Paris,24.57361094156901
2019-03-21,Paris,29.57638931274414
2019-03-22,Paris,33.69722239176432
2019-03-23,Paris,29.590403874715168
2019-03-24,Paris,10.131944338480631
2019-03-25,Paris,11.179166793823242
2019-03-26,Paris,19.413888931274414
2019-03-27,Paris,30.551388422648113
2019-03-28,Paris,24.331193288167317
2019-03-29,Paris,24.404761632283527
2019-03-30,Paris,28.066666920979817
2019-03-31,Paris,26.955554962158203
2019-04-01,Paris,17.150000254313152
2019-04-02,Paris,6.868055661519368
2019-04-03,Paris,11.224444389343262
2019-04-04,Paris,10.849790255228678
2019-04-05,Paris,18.36805534362793
2019-04-06,Paris,8.456944624582926
2019-04-07,Paris,19.769444783528645
2019-04-08,Paris,14.737499872843424
2019-04-09,Paris,33.40166727701823
2019-04-10,Paris,22.091666221618652
2019-04-11,Paris,20.314772605895996
2019-04-12,Paris,20.366666793823242
2019-04-13,Paris,22.215150833129883
2019-04-14,Paris,24.97361119588216
2019-04-15,Paris,18.417298316955566
2019-04-16,Paris,14.088888804117838
2019-04-17,Paris,12.048611323038736
2019-04-18,Paris,16.463889122009277
2019-04-19,Paris,12.405555407206217
2019-04-20,Paris,17.447222073872883
2019-04-21,Paris,18.620833079020183
2019-04-22,Paris,16.626388867696125
2019-04-23,Paris,10.994444370269775
2019-04-24,Paris,8.513888994852701
2019-04-25,Paris,11.469444433848063
2019-04-26,Paris,7.79027779897054
2019-04-27,Paris,8.923611164093018
2019-04-28,Paris,13.236111005147299
2019-04-29,Paris,29.722222646077473
2019-04-30,Paris,31.184722264607746
2019-05-01,Paris,24.573611577351887
2019-05-02,Paris,11.772222201029459
2019-05-03,Paris,8.6694442431132
2019-05-04,Paris,8.803985436757406
2019-05-05,Paris,13.791666984558105
2019-05-06,Paris,14.839646657307943
2019-05-07,Paris,10.026388963063559
2019-05-08,Paris,8.416666507720947
2019-05-09,Paris,11.02222235997518
2019-05-10,Paris,10.765079180399576
2019-05-11,Paris,9.377777576446533
2019-05-12,Paris,9.350000063578287
2019-05-13,Paris,10.027272860209147
2019-05-14,Paris,11.080555438995361
2019-05-15,Paris,9.746376991271973
2019-05-16,Paris,17.72638924916585
2019-05-17,Paris,13.504166762034098
2019-05-18,Paris,23.081944783528645
2019-05-19,Paris,12.622222264607748
2019-05-20,Paris,16.586111068725586
2019-05-21,Paris,17.10694408416748
2019-05-22,Paris,17.15416717529297
2019-05-23,Paris,12.798611005147299
2019-05-24,Paris,14.352380752563477
2019-05-25,Paris,11.169444719950357
2019-05-26,Paris,8.41527764002482
2019-05-27,Paris,7.97777779897054
2019-05-28,Paris,10.948610782623291
2019-05-29,Paris,7.020833253860474
2019-05-30,Paris,11.588888804117838
2019-05-31,Paris,14.384126981099447
2019-06-01,Paris,12.343055407206217
2019-06-02,Paris,10.25416644414266
2019-06-03,Paris,12.18055534362793
2019-06-04,Paris,8.736111164093018
2019-06-05,Paris,10.024444421132406
2019-06-06,Paris,7.124074141184489
2019-06-07,Paris,8.925757567087809
2019-06-08,Paris,10.82777770360311
2019-06-09,Paris,8.593055566151937
2019-06-10,Paris,10.652350425720215
2019-06-11,Paris,7.549999713897705
2019-06-12,Paris,9.633333524068197
2019-06-13,Paris,12.029166380564371
2019-06-14,Paris,10.984238624572754
2019-06-15,Paris,9.902777830759684
2019-06-16,Paris,12.248610973358154
2019-06-17,Paris,12.935555775960287
2019-06-18,Paris,15.949999809265137
2019-06-19,Paris,8.89232317606608
2019-06-20,Paris,8.534722169240316
2019-06-21,Paris,10.793055693308512
2019-06-22,Paris,13.861111323038736
2019-06-23,Paris,14.32361125946045
2019-06-24,Paris,16.681944529215496
2019-06-25,Paris,22.030314127604168
2019-06-26,Paris,16.380961100260418
2019-06-27,Paris,10.660210609436035
2019-06-28,Paris,14.119444211324057
2019-06-29,Paris,15.795833269755045
2019-06-30,Paris,8.347222010294596
2019-07-01,Paris,8.983333587646484
2019-07-02,Paris,9.677777608235678
2019-07-03,Paris,10.30138889948527
2019-07-04,Paris,12.383333524068197
2019-07-05,Paris,14.008134841918945
2019-07-06,Paris,11.458333333333334
2019-07-07,Paris,9.588888804117838
2019-07-08,Paris,8.07361125946045
2019-07-09,Paris,13.979166030883789
2019-07-10,Paris,19.579365094502766
2019-07-12,Paris,9.15000025431315
2019-07-13,Paris,8.648611386617025
2019-07-14,Paris,10.826388676961264
2019-07-15,Paris,12.913888931274414
2019-07-16,Paris,13.116666793823242
2019-07-17,Paris,10.276388963063559
2019-07-18,Paris,9.694082101186117
2019-07-19,Paris,12.481159687042236
2019-07-20,Paris,9.118055502573648
2019-07-21,Paris,11.501388708750406
2019-07-22,Paris,13.954166412353516
2019-07-23,Paris,18.64722220102946
2019-07-24,Paris,24.21388880411784
2019-07-25,Paris,13.838889122009277
2019-07-26,Paris,5.622817436854045
2019-07-27,Paris,9.0
2019-07-28,Paris,10.76527770360311
2019-07-29,Paris,9.430555502573648
2019-07-30,Paris,7.854166825612386
2019-07-31,Paris,10.337499936421713
2019-08-01,Paris,8.830555438995361
2019-08-02,Paris,12.711666425069174
2019-08-03,Paris,11.583333333333334
2019-08-04,Paris,10.023611227671305
2019-08-05,Paris,8.909722328186035
2019-08-06,Paris,9.39027770360311
2019-08-07,Paris,11.723611195882162
2019-08-08,Paris,11.704166571299234
2019-08-09,Paris,9.883333365122477
2019-08-10,Paris,10.733333587646484
2019-08-11,Paris,8.662120978037516
2019-08-12,Paris,7.798611164093018
2019-08-13,Paris,8.277777671813965
2019-08-14,Paris,6.7180555661519366
2019-08-15,Paris,9.281944433848063
2019-08-16,Paris,8.265277544657389
2019-08-17,Paris,7.227777719497681
2019-08-18,Paris,9.8125
2019-08-19,Paris,10.052777608235678
2019-08-20,Paris,10.666666666666666
2019-08-21,Paris,12.09583314259847
2019-08-22,Paris,12.979166984558105
2019-08-23,Paris,15.034722328186035
2019-08-24,Paris,17.57777754465739
2019-08-25,Paris,16.688889185587566
2019-08-26,Paris,16.998611132303875
2019-08-27,Paris,15.104166984558105
2019-08-28,Paris,9.236111005147299
2019-08-29,Paris,9.868055502573648
2019-08-30,Paris,10.684722264607748
2019-08-31,Paris,6.495833237965901
2019-09-01,Paris,8.263888835906982
2019-09-02,Paris,9.85694440205892
2019-09-03,Paris,11.58055559794108
2019-09-04,Paris,7.925000031789144
2019-09-05,Paris,10.30138874053955
2019-09-06,Paris,7.505555629730225
2019-09-07,Paris,6.681944529215495
2019-09-08,Paris,11.754166603088379
2019-09-09,Paris,6.99999984105428
2019-09-10,Paris,10.18181848526001
2019-09-11,Paris,7.24999984105428
2019-09-12,Paris,8.861111164093018
2019-09-13,Paris,11.244444211324057
2019-09-14,Paris,13.94444465637207
2019-09-15,Paris,11.638888994852701
2019-09-16,Paris,10.348611036936441
2019-09-17,Paris,9.527777830759684
2019-09-18,Paris,8.89305559794108
2019-09-19,Paris,8.624999841054281
2019-09-20,Paris,13.668055216471354
2019-09-21,Paris,10.85972229639689
2019-09-22,Paris,8.366666634877523
2019-09-23,Paris,8.700000206629435
2019-09-24,Paris,9.851389090220133
2019-09-25,Paris,9.338889122009277
2019-09-26,Paris,8.548611164093018
2019-09-27,Paris,9.416931311289469
2019-09-28,Paris,7.476389090220134
2019-09-29,Paris,8.669444561004639
2019-09-30,Paris,7.245833237965901
2019-10-01,Paris,6.526388804117839
2019-10-02,Paris,14.758333206176758
2019-10-03,Paris,11.75694465637207
2019-10-04,Paris,9.979166666666666
2019-10-05,Paris,8.076388676961264
2019-10-06,Paris,8.309722105662027
2019-10-07,Paris,8.129166762034098
2019-10-08,Paris,9.368055661519369
2019-10-09,Paris,4.166666626930237
2019-10-10,Paris,11.337878704071045
2019-10-11,Paris,15.211111386617025
2019-10-12,Paris,12.401388963063559
2019-10-13,Paris,10.209722201029459
2019-10-14,Paris,8.226388931274414
2019-10-15,Paris,8.197222073872885
2019-10-16,Paris,8.498611132303873
2019-10-17,Paris,7.979292710622151
2019-10-18,Paris,11.163888772328695
2019-10-19,Paris,9.945833365122477
2019-10-20,Paris,9.449999968210856
2019-10-21,Paris,18.804166793823242
2019-10-22,Paris,15.985912958780924
2019-10-23,Paris,13.061110814412435
2019-10-24,Paris,11.692045211791992
2019-10-25,Paris,9.889880975087484
2019-10-26,Paris,10.553999900817871
2019-10-27,Paris,8.792210261027018
2019-10-28,Paris,11.347222328186035
2019-10-29,Paris,18.368181864420574
2019-10-30,Paris,20.978859583536785
2019-10-31,Paris,13.236652056376139
2019-11-01,Paris,7.703030427296956
2019-11-02,Paris,7.187499920527141
2019-11-03,Paris,7.991053422292073
2019-11-04,Paris,12.737500190734863
2019-11-05,Paris,12.805555661519369
2019-11-06,Paris,8.026388963063559
2019-11-07,Paris,13.898611386617025
2019-11-08,Paris,25.399999618530273
2019-11-09,Paris,14.316732406616211
2019-11-10,Paris,10.549999872843424
2019-11-11,Paris,8.282487869262695
2019-11-12,Paris,10.394444306691488
2019-11-13,Paris,10.519444465637207
2019-11-14,Paris,14.356944719950357
2019-11-15,Paris,13.846110979715982
2019-11-16,Paris,17.25
2019-11-17,Paris,16.25444444020589
2019-11-18,Paris,20.47083282470703
2019-11-19,Paris,15.043206691741943
2019-11-20,Paris,19.89969825744629
2019-11-21,Paris,9.688611189524332
2019-11-22,Paris,20.300000190734863
2019-11-23,Paris,25.956250190734863
2019-11-24,Paris,13.799999713897705
2019-11-25,Paris,9.14897362391154
2019-11-26,Paris,6.786111195882161
2019-11-27,Paris,8.252777576446533
2019-11-28,Paris,9.824999729792276
2019-11-29,Paris,14.085416793823242
2019-11-30,Paris,16.143749713897705
2019-12-01,Paris,19.69341786702474
2019-12-02,Paris,22.16805585225423
2019-12-03,Paris,28.80555534362793
2019-12-04,Paris,32.34305636088053
2019-12-05,Paris,19.933333079020183
2019-12-06,Paris,11.818055788675943
2019-12-07,Paris,8.28333330154419
2019-12-08,Paris,6.766666889190674
2019-12-09,Paris,15.934782346089682
2019-12-10,Paris,10.423611005147299
2019-12-11,Paris,8.713888963063559
2019-12-12,Paris,9.16527764002482
2019-12-13,Paris,10.901388804117838
2019-12-14,Paris,10.288889090220133
2019-12-15,Paris,14.030555407206217
2019-12-16,Paris,12.520833015441895
2019-12-17,Paris,12.760930061340332
2019-12-18,Paris,14.840277671813965
2019-12-19,Paris,7.254722277323405
2019-12-20,Paris,9.129411458969116
2019-12-21,Paris,9.059722423553467
2019-12-22,Paris,10.45972235997518
2019-12-23,Paris,10.916666984558105
2019-12-24,Paris,9.943610986073812
2019-12-25,Paris,12.103632609049479
2019-12-26,Paris,10.226388772328695
2019-12-27,Paris,14.002314567565918
2019-12-28,Paris,30.395833015441895
2019-12-29,Paris,40.648611068725586
2019-12-30,Paris,55.42361195882162
2019-12-31,Paris,27.402381261189777
2020-01-01,Paris,14.605555534362793
2020-01-02,Paris,9.993055661519369
2020-01-03,Paris,12.76805559794108
2020-01-04,Paris,13.781944274902344
2020-01-05,Paris,17.265278180440266
2020-01-06,Paris,15.434722264607748
2020-01-07,Paris,12.700000127156576
2020-01-08,Paris,8.300724506378174
2020-01-09,Paris,8.315277735392252
2020-01-10,Paris,14.811111450195312
2020-01-11,Paris,13.530555725097656
2020-01-12,Paris,8.700000127156576
2020-01-13,Paris,7.675000190734863
2020-01-14,Paris,12.25
2020-01-15,Paris,15.469444274902344
2020-01-16,Paris,9.983333269755045
2020-01-17,Paris,13.941666920979818
2020-01-18,Paris,12.969444592793783
2020-01-19,Paris,16.492676099141438
2020-01-20,Paris,24.850724538167317
2020-01-21,Paris,33.158729553222656
2020-01-22,Paris,24.69444465637207
2020-01-23,Paris,45.53333282470703
2020-01-24,Paris,56.045833587646484
2020-01-25,Paris,44.09027862548828
2020-01-26,Paris,9.090277671813965
2020-01-27,Paris,6.2402777671813965
2020-01-28,Paris,10.090277830759684
2020-01-29,Paris,11.600000063578287
2020-01-30,Paris,6.840277592341105
2020-01-31,Paris,7.134722073872884
2020-02-01,Paris,6.636111259460449
2020-02-02,Paris,8.030555407206217
2020-02-03,Paris,8.89722235997518
2020-02-04,Paris,10.891666730244955
2020-02-05,Paris,16.468055725097656
2020-02-06,Paris,17.700000127156574
2020-02-07,Paris,16.785506884257
2020-02-08,Paris,7.588888963063558
2020-02-09,Paris,11.001388867696127
2020-02-10,Paris,7.606944561004639
2020-02-11,Paris,10.265151341756185
2020-02-12,Paris,9.461111386617025
2020-02-13,Paris,12.26805559794108
2020-02-14,Paris,14.008332888285318
2020-02-15,Paris,8.122222264607748
2020-02-16,Paris,7.188888867696126
2020-02-17,Paris,7.7833333015441895
2020-02-18,Paris,9.854166666666666
2020-02-19,Paris,9.179166793823242
2020-02-20,Paris,11.052777608235678
2020-02-21,Paris,10.708333333333334
2020-02-22,Paris,6.808333237965901
2020-02-23,Paris,5.04027779897054
2020-02-24,Paris,5.85277779897054
2020-02-25,Paris,6.668055693308513
2020-02-26,Paris,10.537439505259195
2020-02-27,Paris,13.048611323038736
2020-02-28,Paris,12.65416685740153
2020-02-29,Paris,7.4188887278238935
2020-03-01,Paris,8.583333253860474
2020-03-02,Paris,11.103174845377604
2020-03-03,Paris,12.888888994852701
2020-03-04,Paris,9.465025266011557
2020-03-05,Paris,10.424999872843424
2020-03-06,Paris,15.830555280049643
2020-03-07,Paris,10.333333174387613
2020-03-08,Paris,8.686495463053385
2020-03-09,Paris,6.038224538167317
2020-03-10,Paris,6.704166730244954
2020-03-11,Paris,7.427777608235677
2020-03-12,Paris,10.697222073872885
2020-03-13,Paris,11.77638864517212
2020-03-14,Paris,12.800000190734863
2020-03-15,Paris,15.005555470784506
2020-03-16,Paris,23.914166768391926
2020-03-17,Paris,31.662221908569336
2020-03-18,Paris,25.448611577351887
2020-03-19,Paris,33.63466262817383
2020-03-20,Paris,8.72777795791626
2020-03-21,Paris,8.206884066263834
2020-03-22,Paris,10.127619107564291
2020-03-23,Paris,10.056944847106934
2020-03-24,Paris,16.591094334920246
2020-03-25,Paris,16.65625
2020-03-26,Paris,27.675000190734863
2020-03-27,Paris,32.97083409627279
2020-03-28,Paris,6.507246335347493
2020-03-29,Paris,6.122584501902263
2020-03-30,Paris,12.81944465637207
2020-03-31,Paris,16.608333269755047
2020-04-01,Paris,13.424999872843424
2020-04-02,Paris,12.070833524068197
2020-04-03,Paris,11.813888549804688
2020-04-04,Paris,10.51805559794108
2020-04-05,Paris,12.691666603088379
2020-04-06,Paris,21.6999994913737
2020-04-07,Paris,18.01606051127116
2020-04-08,Paris,20.8125
2020-04-09,Paris,19.40625
2020-04-10,Paris,21.49583339691162
2020-04-11,Paris,15.852083206176758
2020-04-12,Paris,16.068750381469727
2020-04-13,Paris,8.329166889190674
2020-04-14,Paris,10.4375
2020-04-15,Paris,14.760416984558105
2020-04-16,Paris,15.285417079925537
2020-04-17,Paris,7.945833206176758
2020-04-18,Paris,22.418749809265137
2020-04-19,Paris,18.797916412353516
2020-04-20,Paris,10.729166507720947
2020-04-21,Paris,13.965307712554932
2020-04-22,Paris,15.292532444000244
2020-04-23,Paris,16.499999523162842
2020-04-24,Paris,11.235714435577393
2020-04-25,Paris,14.1529221534729
2020-04-26,Paris,12.894841194152832
2020-04-27,Paris,9.241470575332642
2020-04-28,Paris,7.23229193687439
2020-04-29,Paris,3.4772727489471436
2020-04-30,Paris,4.195000171661377
2020-05-01,Paris,5.942105293273926
2020-05-02,Paris,6.349999904632568
2020-05-03,Paris,9.125
2020-05-04,Paris,14.625
2020-05-05,Paris,8.976190567016602
2020-05-06,Paris,13.0
2020-05-07,Paris,15.300000190734863
2020-05-08,Paris,10.857142448425293
2020-05-09,Paris,9.879166603088379
2020-05-10,Paris,8.824999809265137
2020-05-11,Paris,6.625
2020-05-12,Paris,8.225000381469727
2022-01-23,Paris,27.487499237060547
2022-01-24,Paris,41.0
2022-01-25,Paris,31.08823585510254
2022-01-26,Paris,30.5
2022-01-27,Paris,19.214284896850586
2022-01-28,Paris,6.708333492279053
2022-01-29,Paris,10.113043785095215
2022-01-30,Paris,7.640909194946289
2022-01-31,Paris,12.6899995803833
2022-02-01,Paris,1.975000023841858
2022-02-03,Paris,7.349999904632568
2022-02-04,Paris,7.991304397583008
2022-02-05,Paris,4.945000171661377
2022-02-06,Paris,8.0090913772583
2022-02-07,Paris,14.3100004196167
2022-02-08,Paris,20.60909080505371
2022-02-09,Paris,16.222726821899414
2022-02-10,Paris,13.968181610107422
2022-02-11,Paris,15.713043212890625
2022-02-12,Paris,16.39545440673828
2022-02-13,Paris,4.364706039428711
2022-02-14,Paris,0.05999999865889549
2022-02-16,Paris,14.236363410949707
2022-02-17,Paris,7.2071428298950195
2022-02-20,Paris,11.823529243469238
2022-02-21,Paris,12.72631549835205
2022-02-22,Paris,12.272727012634277
2022-02-23,Paris,8.149999618530273
2022-02-24,Paris,6.145454406738281
2022-02-25,Paris,15.300000190734863
2022-02-26,Paris,12.078947067260742
2022-02-27,Paris,16.325000762939453
2022-02-28,Paris,27.885713577270508
2022-03-01,Paris,31.08333396911621
2022-03-02,Paris,38.584999084472656
2022-03-03,Paris,34.22174072265625
2022-03-04,Paris,30.19565200805664
2022-03-05,Paris,40.86818313598633
2022-03-06,Paris,24.100000381469727
2022-03-07,Paris,29.204347610473633
2022-03-08,Paris,23.245454788208008
2022-03-09,Paris,17.64090919494629
2022-03-10,Paris,9.995238304138184
2022-03-11,Paris,6.182608604431152
2022-03-12,Paris,6.154545307159424
2022-03-13,Paris,8.214285850524902
2022-03-14,Paris,11.534782409667969
2022-03-15,Paris,15.304545402526855
2022-03-16,Paris,10.690909385681152
2022-03-17,Paris,15.768421173095703
2022-03-18,Paris,19.46666717529297
2022-03-19,Paris,14.0600004196167
2022-03-20,Paris,23.545000076293945
2022-03-21,Paris,14.142857551574707
2022-03-23,Paris,30.299999237060547
2022-03-24,Paris,38.20952224731445
2022-03-25,Paris,30.321739196777344
2022-03-26,Paris,25.190908432006836
2022-03-27,Paris,30.299999237060547
2022-03-28,Paris,25.272727966308594
2022-03-29,Paris,38.77825927734375
2022-03-30,Paris,18.1130428314209
2022-03-31,Paris,8.513043403625488
2022-04-01,Paris,8.983333587646484
2022-04-02,Paris,11.286956787109375
2022-04-03,Paris,9.708695411682129
2022-04-04,Paris,7.9708333015441895
2022-04-05,Paris,5.578260898590088
2022-04-06,Paris,4.213043689727783
2022-04-07,Paris,4.721739292144775
2022-04-08,Paris,7.391666889190674
2022-04-09,Paris,13.965217590332031
2022-04-10,Paris,8.004347801208496
2022-04-11,Paris,8.165217399597168
2022-04-12,Paris,9.613043785095215
2022-04-13,Paris,13.126087188720703
2022-04-14,Paris,14.6304349899292
2022-04-15,Paris,14.930435180664062
2022-04-16,Paris,6.747826099395752
2022-04-17,Paris,8.065217018127441
2022-04-18,Paris,10.17391300201416
2022-04-19,Paris,17.369565963745117
2022-04-20,Paris,9.918181419372559
2022-04-21,Paris,10.239130020141602
2022-04-22,Paris,13.154166221618652
2022-04-23,Paris,15.818181991577148
2022-04-24,Paris,15.526315689086914
2022-04-25,Paris,20.863157272338867
2022-04-26,Paris,7.099999904632568
2022-04-27,Paris,13.028571128845215
2022-04-28,Paris,19.495651245117188
2022-04-29,Paris,10.708333015441895
2022-04-30,Paris,7.663636207580566
2022-05-01,Paris,15.300000190734863
2022-05-02,Paris,15.586956977844238
2022-05-03,Paris,13.439130783081055
2022-05-04,Paris,8.97826099395752
2022-05-05,Paris,8.378260612487793
2022-05-06,Paris,5.994999885559082
2022-05-07,Paris,16.306249618530273
2022-05-08,Paris,14.289999961853027
2022-05-09,Paris,10.78499984741211
2022-05-10,Paris,5.078260898590088
2022-05-11,Paris,4.909523963928223
2022-05-12,Paris,6.657142639160156
2022-05-13,Paris,9.008333206176758
2022-05-14,Paris,9.139130592346191
2022-05-15,Paris,8.856521606445312
2022-05-16,Paris,10.137499809265137
2022-05-17,Paris,7.5217390060424805
2022-05-18,Paris,11.125
2022-05-19,Paris,13.527777671813965
2022-05-20,Paris,6.329999923706055
2022-05-21,Paris,9.4909086227417
2022-05-22,Paris,8.242856979370117
2022-05-23,Paris,3.8888888359069824
2022-05-24,Paris,4.5625
2022-05-25,Paris,4.324999809265137
2022-05-26,Paris,3.049999952316284
2022-05-27,Paris,9.795454978942871
2022-05-28,Paris,5.670833110809326
2022-05-29,Paris,6.026086807250977
2022-05-30,Paris,7.508333206176758
2022-05-31,Paris,6.9083333015441895
2022-06-01,Paris,8.666666984558105
2022-06-02,Paris,10.629166603088379
2022-06-03,Paris,14.066666603088379
2022-06-04,Paris,10.1875
2022-06-05,Paris,4.712500095367432
2022-06-06,Paris,3.945833444595337
2022-06-07,Paris,5.474999904632568
2022-06-08,Paris,6.287499904632568
2022-06-09,Paris,5.795833110809326
2022-06-10,Paris,7.2208333015441895
2022-06-11,Paris,6.670833110809326
2022-06-12,Paris,7.108333110809326
2022-06-13,Paris,8.672727584838867
2022-06-14,Paris,13.220833778381348
2022-06-15,Paris,13.541666984558105
2022-06-16,Paris,13.204166412353516
2022-06-17,Paris,16.35416603088379
2022-06-18,Paris,15.327272415161133
2022-06-19,Paris,12.720833778381348
2022-06-20,Paris,12.841666221618652
2022-06-21,Paris,15.199999809265137
2022-06-22,Paris,9.862500190734863
2022-06-23,Paris,6.469565391540527
2022-06-24,Paris,6.459090709686279
2022-06-25,Paris,5.699999809265137
2022-06-26,Paris,5.490909099578857
2022-06-27,Paris,6.5625
2022-06-28,Paris,6.504166603088379
2022-06-29,Paris,6.287499904632568
2022-06-30,Paris,4.550000190734863
2022-07-01,Paris,7.516666889190674
2022-07-02,Paris,4.628571510314941
2022-07-03,Paris,6.836842060089111
2022-07-04,Paris,7.5625
2022-07-05,Paris,7.474999904632568
2022-07-06,Paris,6.991666793823242
2022-07-07,Paris,8.079166412353516
2022-07-08,Paris,9.975000381469727
2022-07-09,Paris,5.866666793823242
2022-07-10,Paris,7.699999809265137
2022-07-11,Paris,10.166666984558105
2022-07-12,Paris,11.304166793823242
2022-07-13,Paris,12.912500381469727
2022-07-14,Paris,7.604166507720947
2022-07-15,Paris,9.770833015441895
2022-07-16,Paris,8.645833015441895
2022-07-17,Paris,13.654166221618652
2022-07-18,Paris,18.424999237060547
2022-07-19,Paris,15.954999923706055
2022-07-20,Paris,12.629166603088379
2022-07-21,Paris,16.233333587646484
2022-07-24,Paris,5.974999904632568
2022-07-26,Paris,7.768181800842285
2022-07-27,Paris,8.895833015441895
2022-07-28,Paris,13.25
2022-07-29,Paris,10.676190376281738
2022-07-30,Paris,6.1777777671813965
2022-07-31,Paris,6.4666666984558105
2022-08-01,Paris,8.100000381469727
2022-08-02,Paris,9.229166984558105
2022-08-03,Paris,7.861904621124268
2022-08-04,Paris,8.02173900604248
2022-08-05,Paris,5.449999809265137
2022-08-06,Paris,7.441666603088379
2022-08-07,Paris,8.091666221618652
2022-08-08,Paris,10.0
2022-08-09,Paris,10.295833587646484
2022-08-10,Paris,11.991666793823242
2022-08-11,Paris,12.087499618530273
2022-08-12,Paris,9.25
2022-08-13,Paris,9.119047164916992
2022-08-14,Paris,9.533333778381348
2022-08-15,Paris,14.795833587646484
2022-08-16,Paris,12.162500381469727
2022-08-17,Paris,13.858333587646484
2022-08-18,Paris,10.328571319580078
2022-08-19,Paris,10.399999618530273
2022-08-20,Paris,6.541666507720947
2022-08-21,Paris,5.245833396911621
2022-08-22,Paris,4.558333396911621
2022-08-23,Paris,8.350000381469727
2022-08-24,Paris,17.549999237060547
2022-08-25,Paris,7.777272701263428
2022-08-26,Paris,7.525000095367432
2022-08-27,Paris,9.354166984558105
2022-08-28,Paris,7.7833333015441895
2022-08-29,Paris,10.641666412353516
2022-08-30,Paris,11.566666603088379
2022-08-31,Paris,10.433333396911621
2022-09-01,Paris,11.841666221618652
2022-09-02,Paris,6.537499904632568
2022-09-03,Paris,8.320833206176758
2022-09-04,Paris,6.958333492279053
2022-09-05,Paris,6.454166889190674
2022-09-06,Paris,5.3458333015441895
2022-09-07,Paris,4.212500095367432
2022-09-08,Paris,4.741666793823242
2022-09-09,Paris,4.191666603088379
2022-09-10,Paris,8.795833587646484
2022-09-11,Paris,8.429166793823242
2022-09-12,Paris,11.162500381469727
2022-09-13,Paris,8.012499809265137
2022-09-14,Paris,7.916666507720947
2022-09-15,Paris,6.604545593261719
2022-09-16,Paris,5.204166889190674
2022-09-17,Paris,5.9347825050354
2022-09-19,Paris,9.692307472229004
2022-09-20,Paris,9.445833206176758
2022-09-21,Paris,12.145833015441895
2022-09-22,Paris,20.53333282470703
2022-09-23,Paris,13.850000381469727
2022-09-24,Paris,6.759090900421143
2022-09-25,Paris,4.420833110809326
2022-09-26,Paris,5.191666603088379
2022-09-27,Paris,5.699999809265137
2022-09-28,Paris,8.370833396911621
2022-09-29,Paris,12.720833778381348
2022-09-30,Paris,5.2791666984558105
2022-10-01,Paris,5.291666507720947
2022-10-02,Paris,12.233333587646484
2022-10-03,Paris,17.179166793823242
2022-10-04,Paris,7.733333110809326
2022-10-05,Paris,9.175000190734863
2022-10-06,Paris,16.60416603088379
2022-10-07,Paris,7.925000190734863
2022-10-08,Paris,11.908333778381348
2022-10-09,Paris,13.837499618530273
2022-10-10,Paris,8.077272415161133
2022-10-11,Paris,16.133333206176758
2022-10-12,Paris,12.137499809265137
2022-10-13,Paris,6.6541666984558105
2022-10-14,Paris,3.924999952316284
2022-10-15,Paris,6.554166793823242
2022-10-16,Paris,11.041666984558105
2022-10-17,Paris,9.154166221618652
2022-10-18,Paris,9.729166984558105
2022-10-19,Paris,9.6875
2022-10-20,Paris,7.3416666984558105
2022-10-21,Paris,8.154166221618652
2022-10-22,Paris,8.108333587646484
2022-10-23,Paris,4.75
2022-10-24,Paris,7.1318182945251465
2022-10-25,Paris,7.800000190734863
2022-10-26,Paris,11.600000381469727
2022-10-27,Paris,14.37368392944336
2022-11-01,Paris,8.506667137145996
2022-11-02,Paris,6.472727298736572
2022-11-03,Paris,7.630434989929199
2022-11-04,Paris,9.875
2022-11-05,Paris,8.625
2022-11-06,Paris,7.079166889190674
2022-11-07,Paris,6.820833206176758
2022-11-08,Paris,5.870833396911621
2022-11-09,Paris,11.252631187438965
2022-11-10,Paris,11.404166221618652
2022-11-11,Paris,20.741666793823242
2022-11-12,Paris,21.125
2022-11-13,Paris,14.070833206176758
2022-11-14,Paris,7.245833396911621
2022-11-15,Paris,6.3125
2022-11-16,Paris,5.637499809265137
2022-11-17,Paris,6.981818199157715
2022-11-18,Paris,8.708333015441895
2022-11-19,Paris,7.445833206176758
2022-11-20,Paris,9.262499809265137
2022-11-21,Paris,5.3416666984558105
2022-11-22,Paris,8.600000381469727
2022-11-23,Paris,9.795454978942871
2022-11-24,Paris,14.186363220214844
2022-11-25,Paris,23.141666412353516
2022-11-26,Paris,18.399999618530273
2022-11-27,Paris,14.462499618530273
2022-11-28,Paris,20.236364364624023
2022-11-29,Paris,15.716666221618652
2022-11-30,Paris,23.237499237060547
2022-12-01,Paris,29.340909957885742
2022-12-02,Paris,16.97916603088379
2022-12-03,Paris,22.125
2022-12-04,Paris,24.116666793823242
2022-12-05,Paris,26.38260841369629
2022-12-06,Paris,22.90833282470703
2022-12-07,Paris,24.683332443237305
2022-12-08,Paris,23.299999237060547
2022-12-09,Paris,22.995832443237305
2022-12-10,Paris,20.108333587646484
2022-12-11,Paris,22.424999237060547
2022-12-12,Paris,22.52083396911621
2022-12-13,Paris,28.170833587646484
2022-12-14,Paris,33.75833511352539
2022-12-15,Paris,27.629167556762695
2022-12-16,Paris,27.34166717529297
2022-12-17,Paris,32.56666564941406
2022-12-18,Paris,12.262499809265137
2022-12-19,Paris,8.645833015441895
2022-12-20,Paris,5.7791666984558105
2022-12-21,Paris,7.4083333015441895
2022-12-22,Paris,1.600000023841858
2022-12-23,Paris,9.47826099395752
2022-12-24,Paris,8.654166221618652
2022-12-25,Paris,5.291666507720947
2022-12-26,Paris,8.824999809265137
2022-12-27,Paris,5.843478202819824
2022-12-28,Paris,6.4083333015441895
2022-12-29,Paris,6.395454406738281
2022-12-30,Paris,6.4708333015441895
2022-12-31,Paris,10.675000190734863
2023-01-01,Paris,5.172727108001709
2023-01-02,Paris,8.908333778381348
2023-01-03,Paris,4.900000095367432
2023-01-04,Paris,4.258333206176758
2023-01-05,Paris,5.568181991577148
2023-01-06,Paris,5.974999904632568
2023-01-07,Paris,4.757143020629883
2023-01-08,Paris,4.237500190734863
2023-01-09,Paris,6.7833333015441895
2023-01-10,Paris,2.387500047683716
2023-01-15,Paris,7.699999809265137
2023-01-16,Paris,11.741666793823242
2023-01-17,Paris,11.887499809265137
2023-01-18,Paris,12.512499809265137
2023-01-19,Paris,12.931818008422852
2023-01-20,Paris,19.97916603088379
2023-01-21,Paris,26.200000762939453
2023-01-22,Paris,20.57391357421875
2023-01-23,Paris,22.155000686645508
2023-01-24,Paris,29.52916717529297
2023-01-25,Paris,27.758333206176758
2023-01-26,Paris,9.345833778381348
2023-01-27,Paris,15.300000190734863
2023-01-28,Paris,24.141666412353516
2023-01-29,Paris,12.436363220214844
2023-01-30,Paris,10.180000305175781
2023-01-31,Paris,8.737500190734863
2023-02-01,Paris,9.899999618530273
2023-02-13,Paris,53.99565124511719
2023-02-14,Paris,61.30833435058594
2023-02-15,Paris,34.70000076293945
2023-03-18,Paris,3.208695650100708
2023-03-19,Paris,7.878571510314941
2023-03-20,Paris,8.9399995803833
2023-03-21,Paris,8.100000381469727
2023-03-22,Paris,11.399999618530273
2023-03-23,Paris,7.917646884918213
2023-03-24,Paris,6.671428680419922
2023-03-26,Paris,11.899999618530273
2023-03-27,Paris,9.60952377319336
2023-03-28,Paris,8.883333206176758
2023-03-29,Paris,7.070833206176758
2023-03-30,Paris,6.491666793823242
2023-03-31,Paris,4.875
2023-04-01,Paris,9.783333778381348
2023-04-02,Paris,10.050000190734863
2023-04-03,Paris,10.016666412353516
2023-04-04,Paris,16.945453643798828
2023-04-05,Paris,12.168420791625977
2023-04-06,Paris,7.804166793823242
2023-04-07,Paris,11.208333015441895
2023-04-08,Paris,17.383333206176758
2023-04-09,Paris,8.795833587646484
2023-04-10,Paris,6.379166603088379
2023-04-11,Paris,3.9541666507720947
2023-04-12,Paris,6.0
2023-04-13,Paris,5.833333492279053
2023-04-14,Paris,7.974999904632568
2023-04-15,Paris,12.016666412353516
2023-04-16,Paris,19.508333206176758
2023-04-17,Paris,29.375
2023-04-18,Paris,12.050000190734863
2023-04-19,Paris,12.083333015441895
2023-04-20,Paris,15.479166984558105
2023-04-21,Paris,29.799999237060547
2023-04-22,Paris,5.363636493682861
2023-04-23,Paris,7.186666488647461
2023-04-25,Paris,11.868182182312012
2023-04-26,Paris,10.774999618530273
2023-04-27,Paris,4.191666603088379
2023-04-28,Paris,13.154166221618652
2023-04-29,Paris,15.633333206176758
2023-04-30,Paris,16.004167556762695
2023-05-01,Paris,12.612500190734863
2023-05-02,Paris,11.608333587646484
2023-05-03,Paris,8.958333015441895
2023-05-04,Paris,5.070833206176758
2023-05-05,Paris,7.600452899932861
2023-05-06,Paris,6.739583492279053
2023-05-07,Paris,7.802083253860474
2023-05-08,Paris,5.145833253860474
2023-05-09,Paris,7.043750047683716
2023-05-10,Paris,8.049999713897705
2023-05-11,Paris,6.5482141971588135
2023-05-12,Paris,16.96250057220459
2023-05-13,Paris,18.470833778381348
2023-05-14,Paris,15.208333492279053
2023-05-15,Paris,6.0
2023-05-16,Paris,9.074999809265137
2023-05-17,Paris,10.65625
2023-05-18,Paris,13.381249904632568
2023-05-19,Paris,13.339582920074463
2023-05-20,Paris,15.206249713897705
2023-05-21,Paris,14.572618961334229
2023-05-22,Paris,11.675000190734863
2023-05-23,Paris,8.074999809265137
2023-05-24,Paris,11.260416507720947
2023-05-25,Paris,14.150000095367432
2023-05-26,Paris,12.59583330154419
2023-05-27,Paris,14.135416507720947
2023-05-28,Paris,12.383333683013916
2023-05-29,Paris,10.4375
2023-05-30,Paris,11.130978107452393
2023-05-31,Paris,15.604166507720947
2023-06-01,Paris,11.960416793823242
2023-06-02,Paris,13.409821510314941
2023-06-03,Paris,8.49048900604248
2023-06-04,Paris,10.027083396911621
2023-06-05,Paris,13.927083492279053
2023-06-06,Paris,14.100000381469727
2023-06-07,Paris,16.264583587646484
2023-06-08,Paris,15.229166507720947
2023-06-09,Paris,10.97083330154419
2023-06-10,Paris,14.789583206176758
2023-06-11,Paris,12.608333110809326
2023-06-12,Paris,14.381250381469727
2023-06-13,Paris,14.4375
2023-06-14,Paris,15.358333110809326
2023-06-15,Paris,15.083333015441895
2023-06-16,Paris,14.93541669845581
2023-06-17,Paris,12.197916507720947
2023-06-18,Paris,11.400000095367432
2023-06-19,Paris,7.5486741065979
2023-06-20,Paris,7.803351163864136
2023-06-21,Paris,9.84583330154419
2023-06-22,Paris,10.40625
2023-06-23,Paris,7.741666555404663
2023-06-24,Paris,13.375
2023-06-25,Paris,7.373731851577759
2023-06-26,Paris,10.08005952835083
2023-06-27,Paris,12.919655799865723
2023-06-28,Paris,26.28333282470703
2023-06-29,Paris,9.504166841506958
2023-06-30,Paris,18.487499952316284
2023-07-01,Paris,40.70089340209961
2023-07-02,Paris,9.129166603088379
2023-07-03,Paris,8.518749713897705
2023-07-04,Paris,5.895833492279053
2023-07-05,Paris,7.445833206176758
2023-07-06,Paris,8.733333587646484
2023-07-07,Paris,10.508333206176758
2023-07-08,Paris,8.991666793823242
2023-07-09,Paris,7.914285659790039
2023-07-10,Paris,8.541666984558105
2023-07-11,Paris,5.712500095367432
2023-07-12,Paris,6.400000095367432
2023-07-13,Paris,7.809999942779541
2023-07-15,Paris,6.800000190734863
2023-07-16,Paris,5.968181610107422
2023-07-17,Paris,6.281818389892578
2023-07-18,Paris,4.718181610107422
2023-07-19,Paris,7.298863649368286
2023-07-20,Paris,7.2231059074401855
2023-07-21,Paris,8.272159099578857
2023-07-22,Paris,6.411904811859131
2023-07-23,Paris,5.572055101394653
2023-07-24,Paris,7.162055253982544
2023-07-25,Paris,7.146780252456665
2023-07-26,Paris,4.817631483078003
2023-07-27,Paris,2.8772727251052856
2023-07-28,Paris,4.0916666984558105
2023-07-29,Paris,5.172916650772095
2023-07-30,Paris,4.750378847122192
2023-07-31,Paris,4.363147139549255
2023-08-01,Paris,2.9409090280532837
2023-08-02,Paris,4.017245888710022
2023-08-03,Paris,6.912083387374878
2023-08-04,Paris,4.745887398719788
2023-08-05,Paris,4.581818103790283
2023-08-06,Paris,5.12818169593811
2023-08-07,Paris,5.226325750350952
2023-08-08,Paris,4.702083349227905
2023-08-09,Paris,8.732142925262451
2023-08-10,Paris,9.201488018035889
2023-08-11,Paris,4.495075702667236
2023-08-12,Paris,6.20119047164917
2023-08-13,Paris,8.118181943893433
2023-08-14,Paris,5.974166631698608
2023-08-15,Paris,6.426190376281738
2023-08-16,Paris,12.078030109405518
2023-08-17,Paris,14.11592149734497
2023-08-18,Paris,8.917646884918213
2023-08-19,Paris,7.489090919494629
2023-08-20,Paris,5.328552484512329
2023-08-21,Paris,7.015873074531555
2023-08-22,Paris,4.8375000059604645
2023-08-23,Paris,6.575070142745972
2023-08-24,Paris,12.385909080505371
2023-08-26,Paris,7.099999904632568
2023-08-27,Paris,4.987738132476807
2023-08-28,Paris,6.181917190551758
2023-08-29,Paris,8.686363697052002
2023-08-30,Paris,6.295238018035889
2023-08-31,Paris,5.48452365398407
2023-09-01,Paris,9.283116817474365
2023-09-02,Paris,6.873809337615967
2023-09-03,Paris,6.8517045974731445
2023-09-04,Paris,7.795909404754639
2023-09-05,Paris,11.14545488357544
2023-09-06,Paris,11.585713863372803
2023-09-07,Paris,15.815909385681152
2023-09-08,Paris,12.493181705474854
2023-09-09,Paris,11.706785678863525
2023-09-10,Paris,10.272078037261963
2023-09-11,Paris,6.747826099395752
2023-09-12,Paris,7.434090852737427
2023-09-13,Paris,9.502273082733154
2023-09-14,Paris,6.003174543380737
2023-09-15,Paris,11.300000190734863
2023-09-16,Paris,6.529545545578003
2023-09-17,Paris,2.6795454025268555
2023-09-18,Paris,4.619047522544861
2023-09-19,Paris,2.700000047683716
2023-09-20,Paris,2.950000047683716
2023-09-21,Paris,2.988095283508301
2023-09-22,Paris,4.413636207580566
2023-09-23,Paris,8.224999904632568
2023-09-24,Paris,6.813636302947998
2023-09-25,Paris,8.009523868560791
2023-09-26,Paris,9.710000038146973
2023-09-27,Paris,6.931818246841431
2023-09-28,Paris,3.9588236808776855
2023-09-29,Paris,9.992856979370117
2023-09-30,Paris,11.286841869354248
2023-10-01,Paris,15.538095474243164
2023-10-02,Paris,5.571428537368774
2023-10-03,Paris,5.609523773193359
2023-10-04,Paris,8.69523811340332
2023-10-05,Paris,12.018181800842285
2023-10-06,Paris,12.321428298950195
2023-10-07,Paris,17.214999675750732
2023-10-08,Paris,15.195454597473145
2023-10-09,Paris,16.692500114440918
2023-10-10,Paris,14.96470594406128
2023-10-11,Paris,10.006818294525146
2023-10-12,Paris,11.069047451019287
2023-10-13,Paris,4.809523582458496
2023-10-14,Paris,4.052500009536743
2023-10-15,Paris,5.685714244842529
2023-10-16,Paris,7.016666650772095
2023-10-17,Paris,6.3023810386657715
2023-10-18,Paris,3.481818199157715
2023-10-19,Paris,3.5833332538604736
2023-10-20,Paris,3.6840909719467163
2023-10-21,Paris,4.611904621124268
2023-10-22,Paris,5.946031808853149
2023-10-23,Paris,4.649999976158142
2023-10-24,Paris,2.356249988079071
2023-10-25,Paris,5.483333349227905
2023-10-26,Paris,2.981250047683716
2023-10-27,Paris,3.1062499284744263
2023-10-28,Paris,3.631999969482422
2023-10-29,Paris,4.541666746139526
2023-10-30,Paris,3.4208332300186157
2023-10-31,Paris,3.53125
2023-11-01,Paris,3.489583373069763
2023-11-02,Paris,3.6645833253860474
2023-11-03,Paris,4.272916555404663
2023-11-04,Paris,3.339583396911621
2023-11-05,Paris,3.068750023841858
2023-11-06,Paris,4.491666793823242
2023-11-07,Paris,3.629166603088379
2023-11-08,Paris,4.2479166984558105
2023-11-09,Paris,5.056818246841431
2023-11-10,Paris,8.008333206176758
2023-11-11,Paris,5.772916793823242
2023-11-12,Paris,3.9229166507720947
2023-11-13,Paris,4.71875
2023-11-14,Paris,4.827083230018616
2023-11-15,Paris,6.645833253860474
2023-11-16,Paris,7.674999713897705
2023-11-17,Paris,6.839583396911621
2023-11-18,Paris,5.964583396911621
2023-11-19,Paris,4.9375
2023-11-20,Paris,3.908333420753479
2023-11-21,Paris,12.414583683013916
2023-11-22,Paris,7.327083349227905
2023-11-23,Paris,5.1541666984558105
2023-11-24,Paris,9.56041669845581
2023-11-25,Paris,13.649999618530273
2023-11-26,Paris,5.681250095367432
2023-11-27,Paris,10.168749809265137
2023-11-28,Paris,15.737499713897705
2023-11-29,Paris,15.649999618530273
2023-11-30,Paris,21.204167366027832
2023-12-01,Paris,23.563095092773438
2023-12-02,Paris,19.795833587646484
2023-12-03,Paris,5.308333396911621
2023-12-04,Paris,4.325000047683716
2023-12-05,Paris,12.12291669845581
2023-12-06,Paris,9.558333396911621
2023-12-07,Paris,8.504167079925537
2023-12-08,Paris,6.825000047683716
2023-12-09,Paris,6.477083444595337
2023-12-10,Paris,8.089583158493042
2023-12-11,Paris,5.854166746139526
2023-12-12,Paris,4.8500001430511475
2023-12-13,Paris,5.035416603088379
2023-12-14,Paris,12.258333206176758
2023-12-15,Paris,20.837499618530273
2023-12-16,Paris,21.979166984558105
2023-12-17,Paris,12.218560695648193
2023-12-18,Paris,8.302083492279053
2023-12-19,Paris,4.3125001192092896
2023-12-20,Paris,3.006249964237213
2023-12-21,Paris,4.293750047683716
2023-12-22,Paris,2.347916603088379
2023-12-23,Paris,4.324999928474426
2023-12-24,Paris,3.2001811265945435
2023-12-25,Paris,4.897916674613953
2023-12-26,Paris,5.150000095367432
2023-12-27,Paris,4.416666626930237
2023-12-28,Paris,4.110416650772095
2023-12-29,Paris,4.129166603088379
2023-12-30,Paris,3.8562499284744263
2023-12-31,Paris,9.700000047683716
2024-01-01,Paris,1.946874976158142
2024-01-02,Paris,4.703063368797302
2024-01-03,Paris,4.804166555404663
2024-01-04,Paris,4.741666793823242
2024-01-05,Paris,6.516666650772095
2024-01-06,Paris,11.083333015441895
2024-01-07,Paris,11.889583587646484
2024-01-08,Paris,15.391666412353516
2024-01-09,Paris,21.449999809265137
2024-01-10,Paris,29.616666793823242
2024-01-11,Paris,17.87083339691162
2024-01-12,Paris,19.43958282470703
2024-01-13,Paris,26.91249942779541
2024-01-14,Paris,12.558144092559814
2024-01-15,Paris,32.12291717529297
2024-01-16,Paris,11.895833492279053
2024-01-17,Paris,17.381250381469727
2024-01-18,Paris,26.42708396911621
2024-01-19,Paris,17.883333206176758
2024-01-20,Paris,9.512500286102295
2024-01-21,Paris,3.597083330154419
2024-01-22,Paris,6.639583349227905
2024-01-23,Paris,6.842613697052002
2024-01-24,Paris,5.2208333015441895
2024-01-25,Paris,7.68541693687439
2024-01-26,Paris,17.743749618530273
2024-01-27,Paris,14.237500190734863
2024-01-28,Paris,14.775000095367432
2024-01-29,Paris,8.816666603088379
2024-01-30,Paris,10.289583206176758
2024-01-31,Paris,7.920000076293945
2024-02-01,Paris,7.827083349227905
2024-02-02,Paris,3.600000023841858
2024-02-03,Paris,3.064583420753479
2024-02-04,Paris,11.043749809265137
2024-02-05,Paris,8.25
2024-02-06,Paris,5.708333253860474
2024-02-07,Paris,9.694474220275879
2024-02-08,Paris,5.604166746139526
2024-02-09,Paris,6.395833253860474
2024-02-10,Paris,4.700000047683716
2024-02-11,Paris,8.59375
2024-02-12,Paris,10.239583253860474
2024-02-13,Paris,4.084027826786041
2024-02-14,Paris,2.9848214983940125
2024-02-15,Paris,6.3104164600372314
2024-02-16,Paris,8.600000143051147
2024-02-17,Paris,6.039583206176758
2024-02-18,Paris,5.579166650772095
2024-02-19,Paris,8.65625
2024-02-20,Paris,6.662499904632568
2024-02-21,Paris,1.4077075123786926
2024-02-22,Paris,3.4729167222976685
2024-02-23,Paris,4.708333492279053
2024-02-24,Paris,3.379166603088379
2024-02-25,Paris,4.604347825050354
2024-02-26,Paris,12.03333330154419
2024-02-27,Paris,6.940909147262573
2024-02-28,Paris,4.197916746139526
2024-02-29,Paris,4.037499904632568
2024-03-01,Paris,4.608333349227905
2024-03-02,Paris,10.1875
2024-03-03,Paris,10.40833330154419
2024-03-04,Paris,3.5395833253860474
2024-03-05,Paris,9.479166507720947
2024-03-06,Paris,13.885416984558105
2024-03-07,Paris,14.65625
2024-03-08,Paris,4.4979166984558105
2024-03-09,Paris,5.922916650772095
2024-03-10,Paris,12.600000381469727
2024-03-17,Paris,6.150000095367432
2024-03-22,Paris,4.083333253860474
2024-03-23,Paris,2.1500000953674316
2024-03-24,Paris,8.350000143051147
2024-03-25,Paris,2.4666666984558105
2024-03-26,Paris,0.17115384712815285
2024-03-27,Paris,-1.0
2024-03-28,Paris,-0.7454545497894287
2024-03-29,Paris,-0.2772727180272341
2024-03-30,Paris,-0.322727270424366
2024-03-31,Paris,-0.5750000029802322
2024-04-01,Paris,-0.17916666716337204
2024-04-02,Paris,-0.2750000059604645
2024-04-03,Paris,-0.3499999940395355
2024-04-04,Paris,0.40416666120290756
2024-04-05,Paris,-1.0
2024-04-06,Paris,0.8230769336223602
2024-04-07,Paris,-0.15500000026077032
2024-04-08,Paris,1.8333333730697632
2024-04-09,Paris,-0.48636363446712494
2024-04-10,Paris,-0.40909090638160706
2024-04-11,Paris,-1.0
2024-04-12,Paris,0.2708333320915699
2024-04-13,Paris,0.44583334028720856
2024-04-14,Paris,0.10000000521540642
2024-04-15,Paris,0.2142857238650322
2024-04-16,Paris,0.976666659116745
2024-04-17,Paris,1.8473684191703796
2024-04-18,Paris,0.25000000558793545
2024-04-19,Paris,0.4416666701436043
2024-04-20,Paris,1.3466666340827942
2024-04-21,Paris,3.2138888835906982
2024-04-22,Paris,2.0538461208343506
2024-04-23,Paris,0.32083333749324083
2024-04-24,Paris,1.692307710647583
2024-04-25,Paris,-1.0
2024-04-26,Paris,-1.0
2024-04-27,Paris,-0.5550000071525574
2024-04-28,Paris,0.5892857015132904
2024-04-29,Paris,0.8807692229747772
2024-04-30,Paris,-0.05999999772757292
2024-05-01,Paris,0.7964285910129547
2024-05-02,Paris,0.30642858520150185
2024-05-03,Paris,-0.18846154399216175
2024-05-04,Paris,-0.5038461685180664
2024-05-05,Paris,0.15333332121372223
2024-05-06,Paris,1.75
2024-05-07,Paris,1.050000011920929
2024-05-08,Paris,3.680000066757202
2024-05-09,Paris,-1.0
2024-05-10,Paris,0.46666665375232697
2024-05-11,Paris,-1.0
2024-05-12,Paris,0.7730769217014313
2024-05-13,Paris,0.23846154659986496
2024-05-14,Paris,-0.25303030759096146
2024-05-15,Paris,-1.0
2024-05-16,Paris,-0.9000000059604645
2024-05-17,Paris,-0.14583333022892475
2024-05-18,Paris,1.7071428894996643
2024-05-19,Paris,0.7625000000000001
2024-05-20,Paris,1.7038461565971375
2024-05-21,Paris,-1.0
2024-05-22,Paris,-1.0
2024-05-23,Paris,-1.0
2024-05-24,Paris,-0.2199999988079071
2024-05-25,Paris,-1.0
2024-05-26,Paris,-0.7849999964237213
2024-05-27,Paris,-0.800000011920929
2024-05-28,Paris,-0.23749999701976776
2024-05-29,Paris,1.199999988079071
2024-05-30,Paris,3.4499999284744263
2024-05-31,Paris,8.099999904632568
2024-06-01,Paris,10.383333206176758
2024-06-02,Paris,10.825000286102295
2024-06-04,Paris,5.925000190734863
2024-06-05,Paris,14.150000095367432
2024-06-06,Paris,15.599999904632568
2024-06-07,Paris,8.275000095367432
2024-06-08,Paris,4.133333444595337
2024-06-09,Paris,5.519999980926514
2024-06-10,Paris,5.364285945892334
2024-06-11,Paris,7.1600000858306885
2024-06-12,Paris,8.104395627975464
2024-06-13,Paris,4.973333239555359
2024-06-14,Paris,4.088888883590698
2024-06-15,Paris,3.1999999284744263
2024-06-16,Paris,3.2874999046325684
2024-06-17,Paris,3.626262664794922
2024-06-18,Paris,4.513636350631714
2024-06-19,Paris,8.216666666666667
2024-06-20,Paris,11.916666666666666
2024-06-21,Paris,5.380000000000001
2024-06-22,Paris,6.023181818181818
2024-06-23,Paris,6.800000000000001
2024-06-24,Paris,9.75
2024-06-25,Paris,13.750000000000002
2024-06-26,Paris,16.46
2024-06-27,Paris,8.914444444444445
2024-06-28,Paris,6.374509803921569
2024-06-29,Paris,6.9937499999999995
2024-06-30,Paris,4.55
2024-07-01,Paris,6.367647058823529
2024-07-02,Paris,7.63076923076923
2024-07-03,Paris,4.850555555555555
2024-07-04,Paris,6.24090909090909
2024-07-05,Paris,4.915384615384616
2024-07-06,Paris,4.950549450549451
2024-07-07,Paris,4.9111111111111105
2024-07-08,Paris,6.832857142857144
2024-07-09,Paris,3.827272727272727
2024-07-10,Paris,4.451666666666666
2024-07-11,Paris,3.925
2024-07-12,Paris,5.491666666666666
2024-07-13,Paris,7.770000000000001
2024-07-14,Paris,10.0
2024-07-15,Paris,5.025
2024-07-16,Paris,5.508333333333334
2024-07-17,Paris,7.058333333333334
2024-07-18,Paris,9.090178571428572
2024-07-19,Paris,7.284871794871796
2024-07-20,Paris,3.421875
2024-07-21,Paris,4.88076923076923
2024-07-22,Paris,2.633916083916084
2024-07-23,Paris,5.619736842105263
2024-07-24,Paris,6.190624999999999
2024-07-25,Paris,5.946249999999999
2024-07-26,Paris,4.707894736842105
2024-07-27,Paris,6.975
2024-07-28,Paris,7.720833333333333
2024-07-29,Paris,12.015
2024-07-30,Paris,10.844871794871793
2024-07-31,Paris,11.41708333333333
2024-08-01,Paris,10.760714285714286
2024-08-02,Paris,7.441973684210527
2024-08-03,Paris,7.797727272727274
2024-08-04,Paris,10.597368421052632
2024-08-05,Paris,7.862878787878788
2024-08-06,Paris,5.584375
2024-08-07,Paris,6.719047619047618
2024-08-08,Paris,4.973571428571429
2024-08-09,Paris,6.779411764705882
2024-08-10,Paris,6.517857142857142
2024-08-11,Paris,6.855882352941177
2024-08-12,Paris,5.906009615384615
2024-08-13,Paris,5.5875
2024-08-15,Paris,3.5999999999999996
2024-08-16,Paris,2.475000023841858
2024-08-17,Paris,4.261111259460449
2024-08-18,Paris,5.841666666666667
2024-08-19,Paris,8.275
2024-08-20,Paris,3.8357142857142854
2024-08-21,Paris,4.18
2024-08-22,Paris,1.9020833333333336
2024-08-23,Paris,2.505
2024-08-24,Paris,3.4034523809523813
2024-08-25,Paris,7.675000000000001
2024-08-26,Paris,7.725
2024-08-27,Paris,6.15
2024-08-28,Paris,7.199999999999999
2024-08-29,Paris,5.050000000000001
2024-08-30,Paris,11.43
2024-08-31,Paris,11.325
2024-09-01,Paris,5.116666666666667
2024-09-02,Paris,3.2
2024-09-03,Paris,5.9
2024-09-07,Paris,0.5
2024-09-08,Paris,2.3
2024-09-09,Paris,3.95
2024-09-11,Paris,2.8000000000000003
2024-09-12,Paris,3.1999999999999997
2024-09-13,Paris,2.1624999999999996
2024-09-14,Paris,7.699999999999999
2024-09-15,Paris,5.65
2024-09-16,Paris,6.8374999999999995
2024-09-17,Paris,17.125
2024-09-18,Paris,20.958333333333332
2024-09-19,Paris,14.745454545454544
2024-09-20,Paris,6.2666666666666675
2024-09-21,Paris,6.545454545454547
2024-09-22,Paris,6.497916666666667
2024-09-23,Paris,4.881944444444445
2024-09-24,Paris,5.186666666666667
2024-09-25,Paris,1.5099999999999998
2024-09-26,Paris,4.033333333333334
2024-09-27,Paris,4.933333333333334
2024-09-28,Paris,8.923076923076923
2024-09-29,Paris,3.05
2024-09-30,Paris,5.031818181818181
2024-10-01,Paris,4.7
2024-10-02,Paris,8.911111111111111
2024-10-03,Paris,9.95625
2024-10-04,Paris,8.475000000000001
2024-10-05,Paris,5.891666666666667
2024-10-06,Paris,5.6819444444444445
2024-10-07,Paris,4.600000000000001
2024-10-08,Paris,2.29
2024-10-09,Paris,4.366666666666667
2024-10-10,Paris,5.808333333333334
2024-10-11,Paris,4.96
2024-10-12,Paris,4.6625
2024-10-13,Paris,9.925
2024-10-14,Paris,9.216666666666667
2024-10-15,Paris,5.12
2024-10-16,Paris,3.1149999999999998
2024-10-17,Paris,6.3149999999999995
2024-10-18,Paris,5.175
2024-10-19,Paris,4.228571428571429
2024-10-20,Paris,7.475
2024-10-21,Paris,3.0666666666666664
2024-10-22,Paris,10.4
2024-10-24,Paris,7.51
2024-10-25,Paris,10.7
2024-10-26,Paris,8.87857142857143
2024-10-27,Paris,9.5
2024-10-28,Paris,9.48
2024-10-29,Paris,4.4375
2024-10-30,Paris,4.95
2024-10-31,Paris,10.914285714285713
2024-11-01,Paris,8.166666666666666
2024-11-02,Paris,9.375
2024-11-03,Paris,16.375
2024-11-04,Paris,14.6375
2024-11-05,Paris,13.05
2024-11-06,Paris,11.32
2024-11-07,Paris,5.800000000000001
2024-11-08,Paris,10.8
2024-11-09,Paris,18.533333333333335
2024-11-10,Paris,15.766666666666666
2024-11-11,Paris,2.0
2024-11-12,Paris,17.4
2024-11-13,Paris,19.49375
2024-11-14,Paris,10.734444444444446
2024-11-15,Paris,13.22857142857143
2024-11-16,Paris,12.875
2024-11-17,Paris,4.4375
2024-11-18,Paris,3.125
2024-11-19,Paris,4.397916666666667
2024-11-20,Paris,7.9
2024-11-21,Paris,8.820833333333333
2024-11-22,Paris,11.114285714285714
2024-11-23,Paris,4.6416666666666675
2024-11-24,Paris,3.016666666666667
2024-11-25,Paris,9.604166666666666
2024-11-26,Paris,5.966666666666666
2024-11-27,Paris,6.630000000000001
2024-11-28,Paris,10.658333333333331
2024-11-29,Paris,16.342857142857145
2024-11-30,Paris,12.2
2024-12-01,Paris,5.008333333333333
2024-12-02,Paris,10.166666666666666
2024-12-03,Paris,14.9
2024-12-04,Paris,6.111111111111112
2024-12-05,Paris,7.78125
2024-12-06,Paris,5.522222222222222
2024-12-07,Paris,4.566666666666666
2024-12-08,Paris,8.35625
2024-12-09,Paris,7.5
2024-12-10,Paris,9.819999999999999
2024-12-11,Paris,8.25
2024-12-12,Paris,22.435
2024-12-13,Paris,21.362500000000004
2024-12-14,Paris,11.799999999999999
2024-12-15,Paris,3.0666666666666664
2024-12-16,Paris,10.579166666666666
2024-12-17,Paris,6.1
2024-12-18,Paris,4.485714285714286
2024-12-19,Paris,8.155555555555555
2024-12-20,Paris,5.45
2024-12-21,Paris,5.216964285714285
2024-12-22,Paris,9.09
2024-12-23,Paris,8.1
2024-12-24,Paris,13.946666666666669
2024-12-25,Paris,8.26
2024-12-26,Paris,19.87
2024-12-27,Paris,16.405
2024-12-28,Paris,14.85
2024-12-29,Paris,14.277272727272727
2024-12-30,Paris,9.475000000000001
2024-12-31,Paris,8.625
2025-01-01,Paris,12.059999999999999
2025-01-02,Paris,17.1375
2025-01-03,Paris,22.88125
2025-01-04,Paris,5.0357142857142865
2025-01-05,Paris,4.95
2025-01-06,Paris,4.878571428571429
2025-01-07,Paris,6.6
2025-01-08,Paris,10.48
2025-01-09,Paris,15.216666666666665
2025-01-10,Paris,14.275
2025-01-17,Paris,21.6625
2025-01-18,Paris,40.599999999999994
2025-01-19,Paris,22.6
2025-01-20,Paris,34.06
2025-01-21,Paris,15.825
2025-01-22,Paris,9.341666666666667
2025-01-23,Paris,4.3
2025-01-24,Paris,6.7958333333333325
2025-01-25,Paris,5.041666666666666
2025-01-26,Paris,4.15
2025-01-27,Paris,4.7333333333333325
2025-01-28,Paris,6.15
2025-01-29,Paris,7.783333333333333
2025-01-30,Paris,9.016666666666666
2025-01-31,Paris,12.283333333333333
2025-02-01,Paris,20.1125
2025-02-02,Paris,25.916666666666668
2025-02-03,Paris,14.720000000000002
2025-02-04,Paris,13.316666666666665
2025-02-05,Paris,11.580000000000002
2025-02-06,Paris,11.9875
2025-02-07,Paris,8.36
2025-02-08,Paris,3.5
2025-02-09,Paris,9.383333333333333
2025-02-10,Paris,19.618181818181817
2025-02-11,Paris,17.677777777777777
2025-02-12,Paris,22.98
2025-02-13,Paris,35.38333333333333
2025-02-14,Paris,20.16
2025-02-15,Paris,22.83636363636364
2025-02-16,Paris,22.33333333333333
2025-02-17,Paris,21.149999999999995
2025-02-18,Paris,25.700000000000003
2025-02-19,Paris,17.35
2025-02-20,Paris,18.6
2025-02-21,Paris,10.600000000000001
2025-02-23,Paris,7.65
2025-02-24,Paris,8.333333333333334
2025-02-25,Paris,4.7
2025-02-26,Paris,5.566666666666667
2025-02-27,Paris,9.5
2025-03-01,Paris,15.466666666666667
2025-03-02,Paris,20.05
2025-03-04,Paris,25.55
2025-03-05,Paris,22.549999999999997
2025-03-08,Paris,12.2625
2025-03-09,Paris,11.549999999999999
2025-03-10,Paris,17.366666666666667
2025-03-11,Paris,5.625
2025-03-12,Paris,12.850000000000001
2025-03-13,Paris,18.433333333333334
2025-03-14,Paris,9.950000000000001
2025-03-15,Paris,18.4
2025-03-16,Paris,18.599999999999998
2025-03-17,Paris,9.4
2025-03-18,Paris,12.33
2025-03-19,Paris,13.166666666666666
2025-03-20,Paris,13.0
2025-03-21,Paris,7.128571428571428
2025-03-22,Paris,4.9750000000000005
2025-03-23,Paris,11.014285714285714
2025-03-24,Paris,30.96666666666667
2025-03-25,Paris,27.225
2025-03-26,Paris,19.266666666666666
2025-03-27,Paris,23.45
2025-03-28,Paris,7.55
2025-03-29,Paris,9.6125
2025-03-30,Paris,8.614285714285714
2025-03-31,Paris,8.879999999999999
2025-04-01,Paris,7.5
2025-04-02,Paris,13.157142857142857
2025-04-03,Paris,8.879999999999999
2025-04-04,Paris,9.483333333333334
2025-04-05,Paris,8.48181818181818
2025-04-06,Paris,6.1000000000000005
2025-04-07,Paris,6.1
2025-04-08,Paris,15.549999999999999
2025-04-10,Paris,16.7
2025-04-12,Paris,8.8
2025-04-13,Paris,10.0
2025-04-14,Paris,5.65
2025-04-15,Paris,4.7
2025-04-16,Paris,9.92
2025-04-17,Paris,13.14
2025-04-18,Paris,4.949999999999999
2025-04-20,Paris,8.6
2025-04-23,Paris,8.933333333333334
2025-04-24,Paris,17.4
2025-04-25,Paris,16.25
2025-04-26,Paris,19.733333333333334
2025-04-27,Paris,27.65
2025-04-28,Paris,9.75
2025-05-01,Paris,13.100000000000001
2025-05-03,Paris,12.0
2025-05-04,Paris,7.660000000000001
2025-05-06,Paris,10.850000000000001
2025-05-07,Paris,11.563636363636364
2025-05-08,Paris,8.545454545454545
2025-05-09,Paris,7.885714285714286
2025-05-10,Paris,6.781818181818182
2025-05-11,Paris,6.3
2025-05-12,Paris,7.872727272727274
2025-05-13,Paris,9.242857142857144
2025-05-14,Paris,10.355555555555554
2025-05-15,Paris,7.7857142857142865
2025-05-16,Paris,8.7625
2025-05-17,Paris,9.9
2025-05-18,Paris,8.8
2025-05-19,Paris,7.58
2025-05-20,Paris,7.800000000000001
2025-05-21,Paris,10.0
2025-05-22,Paris,7.933333333333334
2025-05-23,Paris,6.9
2025-05-24,Paris,5.199999999999999
2025-05-25,Paris,7.016666666666667
2025-05-26,Paris,7.583333333333333
2025-05-27,Paris,6.2124999999999995
2025-05-28,Paris,7.228571428571428
2025-05-29,Paris,7.4300000000000015
2025-05-30,Paris,10.533333333333333
2025-05-31,Paris,5.299999999999999
2025-06-01,Paris,9.34
2025-06-02,Paris,6.2
2025-06-03,Paris,5.349999999999999
2025-06-04,Paris,4.625
2025-06-05,Paris,5.566666666666667
2025-06-06,Paris,9.2
2025-06-07,Paris,2.05
2025-06-08,Paris,10.52
2025-06-09,Paris,15.7
2025-06-10,Paris,4.3999999999999995
2025-06-11,Paris,11.0
2025-06-12,Paris,9.3
2025-06-13,Paris,10.333333333333334
2025-06-14,Paris,6.449999999999999
2025-06-15,Paris,8.950000000000001
2025-06-16,Paris,7.739999999999999
2025-06-17,Paris,6.5
2025-06-19,Paris,9.733333333333333
2025-06-20,Paris,7.466666666666666
2025-06-21,Paris,11.171428571428569
2025-06-22,Paris,6.833333333333333
2025-06-27,Paris,7.433333333333334
2025-06-28,Paris,3.5125
2025-06-29,Paris,11.219999999999999
2025-06-30,Paris,13.846153846153847
2025-07-01,Paris,9.075
2025-07-02,Paris,7.44
2025-07-03,Paris,4.783333333333334
2025-07-04,Paris,5.175
2025-07-05,Paris,3.4
2025-07-06,Paris,4.633333333333334
2025-07-07,Paris,4.485714285714286
2025-07-08,Paris,8.85
2025-07-09,Paris,6.88
2025-07-10,Paris,7.083333333333333
2025-07-11,Paris,8.245454545454546
2025-07-12,Paris,9.177777777777777
2025-07-13,Paris,7.739999999999999
2025-07-14,Paris,7.016666666666667
2025-07-16,Paris,4.2
2025-07-17,Paris,5.766666666666666
2025-07-18,Paris,10.0
2025-07-19,Paris,3.5
2025-07-20,Paris,6.949999999999999
2025-07-21,Paris,3.9857142857142853
2025-07-22,Paris,5.075
2025-07-23,Paris,7.639999999999999
2025-07-24,Paris,8.014285714285714
2025-07-25,Paris,7.128571428571428
2025-07-26,Paris,4.64
2025-07-27,Paris,6.859999999999999
2025-07-28,Paris,7.099999999999999
2025-07-29,Paris,5.491666666666666
2025-07-30,Paris,6.136363636363635
2025-07-31,Paris,3.8499999999999996
2025-08-01,Paris,4.9375
2025-08-02,Paris,5.286666666666666
2025-08-03,Paris,4.2
2025-08-04,Paris,5.08
2025-08-05,Paris,6.363636363636363
2025-08-06,Paris,7.137499999999999
2025-08-07,Paris,8.45
2025-08-08,Paris,6.639999999999999
2025-08-09,Paris,5.590909090909091
2025-08-10,Paris,10.737500000000002
2025-08-11,Paris,10.919999999999998
2025-08-12,Paris,14.637500000000001
2025-08-13,Paris,14.98
2025-08-14,Paris,5.159999999999999
2025-08-15,Paris,9.76
2025-08-16,Paris,7.075
2025-08-17,Paris,5.7
2025-08-18,Paris,8.89
2025-08-19,Paris,9.3375
2025-08-20,Paris,4.61
2025-08-21,Paris,4.1000000000000005
2025-08-22,Paris,5.388888888888889
2025-08-23,Paris,7.4799999999999995
2025-08-24,Paris,5.418181818181818
2025-08-25,Paris,5.9625
2025-08-26,Paris,5.316666666666666
2025-08-27,Paris,5.114285714285715
2025-08-28,Paris,4.877777777777777
2025-08-29,Paris,3.5599999999999996
2025-08-30,Paris,5.6
2025-08-31,Paris,4.08
2025-09-01,Paris,4.5
2025-09-02,Paris,4.366666666666666
2025-09-03,Paris,4.266666666666667
2025-09-04,Paris,3.4000000000000004
2025-09-05,Paris,5.300000000000001
2025-09-09,Paris,8.4
2025-09-10,Paris,4.800000000000001
2025-09-11,Paris,4.65
2025-09-12,Paris,0.3
2025-09-13,Paris,1.25
2025-09-14,Paris,5.7
2025-09-16,Paris,6.5
2025-09-17,Paris,5.25
2025-09-19,Paris,8.8
2025-09-20,Paris,4.666666666666667
2025-09-23,Paris,4.7
2025-09-24,Paris,5.666666666666667
2025-09-26,Paris,4.4
2025-09-27,Paris,4.4799999999999995
2025-09-28,Paris,6.675
2025-09-29,Paris,4.199999999999999
2025-09-30,Paris,8.3
2025-10-01,Paris,9.466666666666667
2025-10-02,Paris,8.8
2025-10-03,Paris,4.0
2025-10-04,Paris,7.1
2025-10-05,Paris,7.124999999999999
2025-10-06,Paris,9.055555555555555
2025-10-07,Paris,10.025
2025-10-08,Paris,6.022222222222222
2025-10-09,Paris,8.255555555555555
2025-10-10,Paris,9.483333333333333
2025-10-11,Paris,11.75
2025-10-12,Paris,5.2
2025-10-13,Paris,8.575000000000001
2025-10-14,Paris,8.257142857142856
2025-10-15,Paris,5.7
2025-10-16,Paris,8.2
2025-10-17,Paris,4.816666666666666
2025-10-18,Paris,10.33
2025-10-19,Paris,3.822222222222222
2025-10-20,Paris,3.5799999999999996
2025-10-21,Paris,3.7636363636363637
2025-10-22,Paris,3.46
2025-10-23,Paris,4.78
2025-10-24,Paris,3.116666666666667
2025-10-25,Paris,3.6199999999999997
2025-10-26,Paris,5.322222222222223
2025-10-27,Paris,4.7
2025-10-28,Paris,5.8500000000000005
2025-10-29,Paris,6.314285714285714
2025-10-30,Paris,6.774999999999999
2025-10-31,Paris,5.288888888888889
2025-11-01,Paris,6.6
2025-11-02,Paris,5.866666666666667
2025-11-03,Paris,6.216666666666666
2025-11-04,Paris,6.1499999999999995
2025-11-05,Paris,10.0
2025-11-06,Paris,7.4
2025-11-07,Paris,13.0
2025-11-08,Paris,11.28
2025-11-09,Paris,5.550000000000001
2025-11-10,Paris,6.4399999999999995
2025-11-11,Paris,5.74
2025-11-12,Paris,9.2
2025-11-13,Paris,11.433333333333332
2025-11-14,Paris,6.128571428571428
2025-11-15,Paris,7.185714285714285
2025-11-16,Paris,6.3
2025-11-17,Paris,10.075
2025-11-18,Paris,5.245454545454545
2025-11-19,Paris,9.700000000000001
2025-11-20,Paris,9.319999999999999
2025-11-21,Paris,30.320000000000004
2025-11-22,Paris,5.824999999999999
2025-11-23,Paris,4.44
2025-11-24,Paris,6.257142857142857
2025-11-25,Paris,8.988888888888887
2025-11-26,Paris,14.3375
2025-11-27,Paris,7.0874999999999995
2025-11-28,Paris,5.9
2025-11-29,Paris,8.4
2025-11-30,Paris,6.2
2025-12-01,Paris,7.938461538461539
2025-12-02,Paris,7.625
2025-12-03,Paris,6.833333333333334
2025-12-04,Paris,18.05
2025-12-05,Paris,5.720000000000001
2025-12-06,Paris,3.9799999999999995
2025-12-07,Paris,3.9777777777777774
2025-12-08,Paris,5.333333333333333
2025-12-09,Paris,13.699999999999998
2025-12-10,Paris,12.52727272727273
2025-12-11,Paris,10.85
2025-12-12,Paris,19.25
2025-12-13,Paris,8.975000000000001
2025-12-14,Paris,6.733333333333333
2025-12-15,Paris,26.4
2025-12-16,Paris,12.45
2025-12-17,Paris,6.762499999999999
2025-12-19,Paris,8.975
2025-12-20,Paris,7.74
2025-12-21,Paris,15.533333333333331
2025-12-22,Paris,13.559999999999999
2025-12-23,Paris,4.0
2025-12-24,Paris,6.074999999999999
2025-12-25,Paris,24.266666666666666
2025-12-26,Paris,24.4
2025-12-27,Paris,16.46666666666667
2025-12-28,Paris,17.933333333333334
2025-12-29,Paris,14.266666666666666
2025-12-30,Paris,17.799999999999997
2025-12-31,Paris,16.625
2026-01-02,Paris,0.5
2026-01-03,Paris,10.866666666666667
2026-01-04,Paris,12.833333333333334
2026-01-05,Paris,35.65
2026-01-06,Paris,8.100000000000001
2026-01-07,Paris,7.05
2026-01-08,Paris,3.1666666666666665
2026-01-09,Paris,5.888888888888889
2026-01-10,Paris,9.9
2026-01-11,Paris,3.623076923076923
2026-01-12,Paris,7.392857142857143
2026-01-13,Paris,13.34375
2026-01-14,Paris,5.0249999999999995
2026-01-15,Paris,5.811764705882353
2026-01-16,Paris,8.753333333333334
2026-01-17,Paris,13.052941176470588
2026-01-18,Paris,16.07
2026-01-19,Paris,11.735714285714286
2026-01-20,Paris,5.4
2026-01-21,Paris,4.911111111111111
2026-01-22,Paris,4.77
2026-01-23,Paris,5.386666666666666
2026-01-24,Paris,6.61578947368421
2026-01-25,Paris,10.615384615384615
2026-01-26,Paris,4.207692307692308
2026-01-27,Paris,15.757142857142862
2026-01-28,Paris,12.863636363636363
2026-01-29,Paris,7.3
2026-01-30,Paris,6.737500000000001
2026-01-31,Paris,6.757142857142858
2026-02-01,Paris,5.314285714285715
2026-02-02,Paris,3.570000000000001
2026-02-03,Paris,3.7538461538461543
2026-02-04,Paris,3.9454545454545453
2026-02-05,Paris,3.94
2026-02-06,Paris,5.733333333333333
2026-02-07,Paris,6.426666666666666
2026-02-08,Paris,9.264285714285714
2026-02-09,Paris,2.6166666666666667
2026-02-10,Paris,3.75
2026-02-11,Paris,2.966666666666667
2026-02-12,Paris,7.475
2026-02-13,Paris,9.842857142857143
2026-02-14,Paris,17.03333333333333
2026-02-15,Paris,4.888888888888889
2026-02-16,Paris,4.533333333333334
2026-02-17,Paris,3.9375
2026-02-18,Paris,2.6125
2026-02-19,Paris,4.23076923076923
2026-02-20,Paris,3.1
2026-02-21,Paris,1.6857142857142855
2026-02-22,Paris,3.3363636363636364
2026-02-23,Paris,3.6800000000000006
2026-02-24,Paris,6.6000000000000005
2026-02-25,Paris,11.766666666666666
2026-02-26,Paris,5.65
2026-02-27,Paris,4.55
2026-02-28,Paris,4.199999999999999
2026-03-01,Paris,7.129999999999998
2026-03-02,Paris,12.02
2026-03-03,Paris,11.549999999999999
2026-03-04,Paris,13.470000000000002
2026-03-05,Paris,24.479999999999997
2026-03-06,Paris,36.87333333333333
2026-03-07,Paris,36.54444444444445
2026-03-08,Paris,14.822222222222223
2026-03-09,Paris,7.314285714285715
2026-03-10,Paris,6.88
2026-03-11,Paris,7.707142857142856
2026-03-12,Paris,4.927272727272729
2026-03-13,Paris,4.111111111111111
2026-03-14,Paris,5.609999999999999
2026-03-15,Paris,4.675
2026-03-16,Paris,12.5
